inspected_at,line_id,verdict,defect_type,confidence
2026-05-22T09:00:00,A,ok,,0.981
2026-05-22T09:00:15,A,ok,,0.957
2026-05-22T09:00:30,A,ok,,0.975
2026-05-22T09:00:45,A,ok,,0.986
2026-05-22T09:01:00,A,ok,,0.984
2026-05-22T09:01:15,A,ok,,0.974
2026-05-22T09:01:30,A,ok,,0.945
2026-05-22T09:01:45,A,defect,scratch,0.964
2026-05-22T09:02:00,A,ok,,0.924
2026-05-22T09:02:15,A,ok,,0.97
2026-05-22T09:02:30,A,ok,,0.928
2026-05-22T09:02:45,A,ok,,0.973
2026-05-22T09:03:00,A,ok,,0.958
2026-05-22T09:03:15,A,defect,scratch,0.922
2026-05-22T09:03:30,A,ok,,0.969
2026-05-22T09:03:45,A,ok,,0.94
2026-05-22T09:04:00,A,ok,,0.971
2026-05-22T09:04:15,A,ok,,0.961
2026-05-22T09:04:30,A,ok,,0.93
2026-05-22T09:04:45,A,ok,,0.937
2026-05-22T09:05:00,A,ok,,0.975
2026-05-22T09:05:15,A,ok,,0.936
2026-05-22T09:05:30,A,ok,,0.96
2026-05-22T09:05:45,A,ok,,0.964
2026-05-22T09:06:00,A,ok,,0.922
2026-05-22T09:06:15,A,ok,,0.98
2026-05-22T09:06:30,A,ok,,0.969
2026-05-22T09:06:45,A,ok,,0.969
2026-05-22T09:07:00,A,ok,,0.965
2026-05-22T09:07:15,A,ok,,0.923
2026-05-22T09:07:30,A,ok,,0.957
2026-05-22T09:07:45,A,ok,,0.965
2026-05-22T09:08:00,A,ok,,0.987
2026-05-22T09:08:15,A,ok,,0.97
2026-05-22T09:08:30,A,ok,,0.973
2026-05-22T09:08:45,A,ok,,0.95
2026-05-22T09:09:00,A,ok,,0.98
2026-05-22T09:09:15,A,ok,,0.96
2026-05-22T09:09:30,A,ok,,0.983
2026-05-22T09:09:45,A,ok,,0.969
2026-05-22T09:10:00,A,ok,,0.976
2026-05-22T09:10:15,A,ok,,0.95
2026-05-22T09:10:30,A,ok,,0.921
2026-05-22T09:10:45,A,ok,,0.943
2026-05-22T09:11:00,A,ok,,0.958
2026-05-22T09:11:15,A,ok,,0.927
2026-05-22T09:11:30,A,ok,,0.986
2026-05-22T09:11:45,A,ok,,0.954
2026-05-22T09:12:00,A,ok,,0.946
2026-05-22T09:12:15,A,ok,,0.957
2026-05-22T09:12:30,A,ok,,0.94
2026-05-22T09:12:45,A,ok,,0.925
2026-05-22T09:13:00,A,ok,,0.978
2026-05-22T09:13:15,A,ok,,0.979
2026-05-22T09:13:30,A,ok,,0.986
2026-05-22T09:13:45,A,ok,,0.967
2026-05-22T09:14:00,A,ok,,0.98
2026-05-22T09:14:15,A,ok,,0.935
2026-05-22T09:14:30,A,ok,,0.975
2026-05-22T09:14:45,A,ok,,0.943
2026-05-22T09:15:00,A,ok,,0.953
2026-05-22T09:15:15,A,ok,,0.945
2026-05-22T09:15:30,A,ok,,0.972
2026-05-22T09:15:45,A,ok,,0.972
2026-05-22T09:16:00,A,ok,,0.937
2026-05-22T09:16:15,A,ok,,0.955
2026-05-22T09:16:30,A,ok,,0.945
2026-05-22T09:16:45,A,ok,,0.94
2026-05-22T09:17:00,A,ok,,0.981
2026-05-22T09:17:15,A,ok,,0.94
2026-05-22T09:17:30,A,ok,,0.963
2026-05-22T09:17:45,A,ok,,0.929
2026-05-22T09:18:00,A,ok,,0.949
2026-05-22T09:18:15,A,ok,,0.979
2026-05-22T09:18:30,A,ok,,0.957
2026-05-22T09:18:45,A,ok,,0.941
2026-05-22T09:19:00,A,ok,,0.964
2026-05-22T09:19:15,A,ok,,0.975
2026-05-22T09:19:30,A,ok,,0.981
2026-05-22T09:19:45,A,ok,,0.971
2026-05-22T09:20:00,A,ok,,0.984
2026-05-22T09:20:15,A,ok,,0.963
2026-05-22T09:20:30,A,ok,,0.962
2026-05-22T09:20:45,A,ok,,0.948
2026-05-22T09:21:00,A,ok,,0.944
2026-05-22T09:21:15,A,ok,,0.949
2026-05-22T09:21:30,A,ok,,0.99
2026-05-22T09:21:45,A,ok,,0.933
2026-05-22T09:22:00,A,ok,,0.951
2026-05-22T09:22:15,A,ok,,0.949
2026-05-22T09:22:30,A,ok,,0.937
2026-05-22T09:22:45,A,ok,,0.934
2026-05-22T09:23:00,A,ok,,0.944
2026-05-22T09:23:15,A,ok,,0.951
2026-05-22T09:23:30,A,ok,,0.976
2026-05-22T09:23:45,A,ok,,0.978
2026-05-22T09:24:00,A,ok,,0.959
2026-05-22T09:24:15,A,ok,,0.984
2026-05-22T09:24:30,A,ok,,0.962
2026-05-22T09:24:45,A,ok,,0.953
2026-05-22T09:25:00,A,ok,,0.962
2026-05-22T09:25:15,A,ok,,0.977
2026-05-22T09:25:30,A,ok,,0.93
2026-05-22T09:25:45,A,ok,,0.966
2026-05-22T09:26:00,A,ok,,0.96
2026-05-22T09:26:15,A,ok,,0.978
2026-05-22T09:26:30,A,ok,,0.971
2026-05-22T09:26:45,A,ok,,0.963
2026-05-22T09:27:00,A,ok,,0.989
2026-05-22T09:27:15,A,ok,,0.94
2026-05-22T09:27:30,A,ok,,0.986
2026-05-22T09:27:45,A,ok,,0.936
2026-05-22T09:28:00,A,ok,,0.933
2026-05-22T09:28:15,A,ok,,0.936
2026-05-22T09:28:30,A,ok,,0.987
2026-05-22T09:28:45,A,ok,,0.938
2026-05-22T09:29:00,A,ok,,0.961
2026-05-22T09:29:15,A,ok,,0.966
2026-05-22T09:29:30,A,ok,,0.982
2026-05-22T09:29:45,A,ok,,0.956
2026-05-22T09:30:00,A,ok,,0.927
2026-05-22T09:30:15,A,ok,,0.986
2026-05-22T09:30:30,A,ok,,0.963
2026-05-22T09:30:45,A,ok,,0.99
2026-05-22T09:31:00,A,ok,,0.968
2026-05-22T09:31:15,A,ok,,0.939
2026-05-22T09:31:30,A,ok,,0.953
2026-05-22T09:31:45,A,ok,,0.922
2026-05-22T09:32:00,A,ok,,0.954
2026-05-22T09:32:15,A,defect,scratch,0.86
2026-05-22T09:32:30,A,ok,,0.923
2026-05-22T09:32:45,A,ok,,0.921
2026-05-22T09:33:00,A,ok,,0.968
2026-05-22T09:33:15,A,ok,,0.981
2026-05-22T09:33:30,A,ok,,0.965
2026-05-22T09:33:45,A,ok,,0.944
2026-05-22T09:34:00,A,ok,,0.99
2026-05-22T09:34:15,A,ok,,0.971
2026-05-22T09:34:30,A,ok,,0.971
2026-05-22T09:34:45,A,ok,,0.935
2026-05-22T09:35:00,A,ok,,0.937
2026-05-22T09:35:15,A,ok,,0.962
2026-05-22T09:35:30,A,ok,,0.952
2026-05-22T09:35:45,A,ok,,0.969
2026-05-22T09:36:00,A,ok,,0.981
2026-05-22T09:36:15,A,ok,,0.929
2026-05-22T09:36:30,A,ok,,0.956
2026-05-22T09:36:45,A,ok,,0.927
2026-05-22T09:37:00,A,ok,,0.968
2026-05-22T09:37:15,A,ok,,0.966
2026-05-22T09:37:30,A,ok,,0.975
2026-05-22T09:37:45,A,ok,,0.973
2026-05-22T09:38:00,A,ok,,0.946
2026-05-22T09:38:15,A,ok,,0.925
2026-05-22T09:38:30,A,ok,,0.954
2026-05-22T09:38:45,A,ok,,0.97
2026-05-22T09:39:00,A,ok,,0.938
2026-05-22T09:39:15,A,ok,,0.939
2026-05-22T09:39:30,A,ok,,0.927
2026-05-22T09:39:45,A,ok,,0.964
2026-05-22T09:40:00,A,ok,,0.949
2026-05-22T09:40:15,A,ok,,0.927
2026-05-22T09:40:30,A,ok,,0.927
2026-05-22T09:40:45,A,ok,,0.955
2026-05-22T09:41:00,A,ok,,0.926
2026-05-22T09:41:15,A,ok,,0.976
2026-05-22T09:41:30,A,ok,,0.967
2026-05-22T09:41:45,A,ok,,0.968
2026-05-22T09:42:00,A,ok,,0.936
2026-05-22T09:42:15,A,ok,,0.973
2026-05-22T09:42:30,A,ok,,0.951
2026-05-22T09:42:45,A,ok,,0.981
2026-05-22T09:43:00,A,ok,,0.988
2026-05-22T09:43:15,A,ok,,0.955
2026-05-22T09:43:30,A,ok,,0.955
2026-05-22T09:43:45,A,ok,,0.924
2026-05-22T09:44:00,A,ok,,0.99
2026-05-22T09:44:15,A,ok,,0.982
2026-05-22T09:44:30,A,defect,crack,0.886
2026-05-22T09:44:45,A,defect,crack,0.927
2026-05-22T09:45:00,A,ok,,0.948
2026-05-22T09:45:15,A,ok,,0.979
2026-05-22T09:45:30,A,defect,crack,0.953
2026-05-22T09:45:45,A,ok,,0.974
2026-05-22T09:46:00,A,defect,crack,0.867
2026-05-22T09:46:15,A,ok,,0.962
2026-05-22T09:46:30,A,ok,,0.963
2026-05-22T09:46:45,A,ok,,0.979
2026-05-22T09:47:00,A,defect,crack,0.926
2026-05-22T09:47:15,A,ok,,0.958
2026-05-22T09:47:30,A,defect,crack,0.915
2026-05-22T09:47:45,A,ok,,0.933
2026-05-22T09:48:00,A,ok,,0.93
2026-05-22T09:48:15,A,ok,,0.949
2026-05-22T09:48:30,A,ok,,0.962
2026-05-22T09:48:45,A,defect,crack,0.897
2026-05-22T09:49:00,A,defect,crack,0.881
2026-05-22T09:49:15,A,defect,crack,0.907
2026-05-22T09:49:30,A,defect,crack,0.982
2026-05-22T09:49:45,A,defect,crack,0.861
2026-05-22T09:50:00,A,ok,,0.966
2026-05-22T09:50:15,A,defect,crack,0.956
2026-05-22T09:50:30,A,defect,crack,0.943
2026-05-22T09:50:45,A,defect,crack,0.929
2026-05-22T09:51:00,A,ok,,0.928
2026-05-22T09:51:15,A,ok,,0.954
2026-05-22T09:51:30,A,ok,,0.952
2026-05-22T09:51:45,A,defect,crack,0.973
2026-05-22T09:52:00,A,ok,,0.947
2026-05-22T09:52:15,A,ok,,0.948
2026-05-22T09:52:30,A,defect,crack,0.975
2026-05-22T09:52:45,A,ok,,0.949
2026-05-22T09:53:00,A,defect,crack,0.952
2026-05-22T09:53:15,A,ok,,0.978
2026-05-22T09:53:30,A,defect,crack,0.884
2026-05-22T09:53:45,A,ok,,0.979
2026-05-22T09:54:00,A,defect,crack,0.97
2026-05-22T09:54:15,A,ok,,0.935
2026-05-22T09:54:30,A,ok,,0.959
2026-05-22T09:54:45,A,ok,,0.928
2026-05-22T09:55:00,A,ok,,0.976
2026-05-22T09:55:15,A,defect,crack,0.884
2026-05-22T09:55:30,A,ok,,0.933
2026-05-22T09:55:45,A,defect,crack,0.977
2026-05-22T09:56:00,A,ok,,0.962
2026-05-22T09:56:15,A,ok,,0.956
2026-05-22T09:56:30,A,ok,,0.925
2026-05-22T09:56:45,A,ok,,0.943
2026-05-22T09:57:00,A,ok,,0.96
2026-05-22T09:57:15,A,defect,crack,0.898
2026-05-22T09:57:30,A,ok,,0.97
2026-05-22T09:57:45,A,defect,crack,0.904
2026-05-22T09:58:00,A,ok,,0.967
2026-05-22T09:58:15,A,ok,,0.981
2026-05-22T09:58:30,A,ok,,0.923
2026-05-22T09:58:45,A,ok,,0.95
2026-05-22T09:59:00,A,ok,,0.95
2026-05-22T09:59:15,A,ok,,0.932
2026-05-22T09:59:30,A,ok,,0.942
2026-05-22T09:59:45,A,ok,,0.93
2026-05-22T10:00:00,A,ok,,0.922
2026-05-22T10:00:15,A,ok,,0.978
2026-05-22T10:00:30,A,ok,,0.978
2026-05-22T10:00:45,A,ok,,0.988
2026-05-22T10:01:00,A,ok,,0.982
2026-05-22T10:01:15,A,ok,,0.958
2026-05-22T10:01:30,A,ok,,0.981
2026-05-22T10:01:45,A,ok,,0.934
2026-05-22T10:02:00,A,ok,,0.974
2026-05-22T10:02:15,A,ok,,0.983
2026-05-22T10:02:30,A,ok,,0.929
2026-05-22T10:02:45,A,ok,,0.921
2026-05-22T10:03:00,A,ok,,0.963
2026-05-22T10:03:15,A,ok,,0.928
2026-05-22T10:03:30,A,ok,,0.94
2026-05-22T10:03:45,A,ok,,0.962
2026-05-22T10:04:00,A,ok,,0.97
2026-05-22T10:04:15,A,ok,,0.955
2026-05-22T10:04:30,A,ok,,0.939
2026-05-22T10:04:45,A,ok,,0.939
2026-05-22T10:05:00,A,ok,,0.968
2026-05-22T10:05:15,A,ok,,0.973
2026-05-22T10:05:30,A,ok,,0.945
2026-05-22T10:05:45,A,ok,,0.924
2026-05-22T10:06:00,A,ok,,0.982
2026-05-22T10:06:15,A,ok,,0.942
2026-05-22T10:06:30,A,ok,,0.924
2026-05-22T10:06:45,A,ok,,0.948
2026-05-22T10:07:00,A,ok,,0.942
2026-05-22T10:07:15,A,ok,,0.939
2026-05-22T10:07:30,A,ok,,0.922
2026-05-22T10:07:45,A,ok,,0.936
2026-05-22T10:08:00,A,ok,,0.925
2026-05-22T10:08:15,A,ok,,0.93
2026-05-22T10:08:30,A,ok,,0.94
2026-05-22T10:08:45,A,ok,,0.987
2026-05-22T10:09:00,A,ok,,0.952
2026-05-22T10:09:15,A,ok,,0.934
2026-05-22T10:09:30,A,ok,,0.933
2026-05-22T10:09:45,A,ok,,0.965
2026-05-22T10:10:00,A,defect,scratch,0.9
2026-05-22T10:10:15,A,ok,,0.922
2026-05-22T10:10:30,A,ok,,0.923
2026-05-22T10:10:45,A,ok,,0.938
2026-05-22T10:11:00,A,ok,,0.923
2026-05-22T10:11:15,A,ok,,0.973
2026-05-22T10:11:30,A,ok,,0.934
2026-05-22T10:11:45,A,ok,,0.979
2026-05-22T10:12:00,A,ok,,0.923
2026-05-22T10:12:15,A,ok,,0.92
2026-05-22T10:12:30,A,ok,,0.97
2026-05-22T10:12:45,A,ok,,0.966
2026-05-22T10:13:00,A,ok,,0.923
2026-05-22T10:13:15,A,ok,,0.956
2026-05-22T10:13:30,A,ok,,0.969
2026-05-22T10:13:45,A,ok,,0.988
2026-05-22T10:14:00,A,ok,,0.931
2026-05-22T10:14:15,A,ok,,0.977
2026-05-22T10:14:30,A,ok,,0.976
2026-05-22T10:14:45,A,ok,,0.976
2026-05-22T10:15:00,A,ok,,0.94
2026-05-22T10:15:15,A,ok,,0.975
2026-05-22T10:15:30,A,ok,,0.965
2026-05-22T10:15:45,A,ok,,0.939
2026-05-22T10:16:00,A,ok,,0.969
2026-05-22T10:16:15,A,ok,,0.94
2026-05-22T10:16:30,A,ok,,0.964
2026-05-22T10:16:45,A,ok,,0.939
2026-05-22T10:17:00,A,ok,,0.968
2026-05-22T10:17:15,A,ok,,0.979
2026-05-22T10:17:30,A,ok,,0.95
2026-05-22T10:17:45,A,ok,,0.926
2026-05-22T10:18:00,A,ok,,0.952
2026-05-22T10:18:15,A,ok,,0.958
2026-05-22T10:18:30,A,ok,,0.984
2026-05-22T10:18:45,A,ok,,0.952
2026-05-22T10:19:00,A,ok,,0.924
2026-05-22T10:19:15,A,ok,,0.954
2026-05-22T10:19:30,A,ok,,0.933
2026-05-22T10:19:45,A,ok,,0.937
2026-05-22T10:20:00,A,ok,,0.984
2026-05-22T10:20:15,A,ok,,0.955
2026-05-22T10:20:30,A,ok,,0.963
2026-05-22T10:20:45,A,ok,,0.92
2026-05-22T10:21:00,A,ok,,0.936
2026-05-22T10:21:15,A,ok,,0.95
2026-05-22T10:21:30,A,ok,,0.964
2026-05-22T10:21:45,A,ok,,0.934
2026-05-22T10:22:00,A,ok,,0.925
2026-05-22T10:22:15,A,ok,,0.977
2026-05-22T10:22:30,A,ok,,0.982
2026-05-22T10:22:45,A,ok,,0.981
2026-05-22T10:23:00,A,ok,,0.99
2026-05-22T10:23:15,A,ok,,0.952
2026-05-22T10:23:30,A,ok,,0.974
2026-05-22T10:23:45,A,ok,,0.956
2026-05-22T10:24:00,A,ok,,0.972
2026-05-22T10:24:15,A,ok,,0.931
2026-05-22T10:24:30,A,ok,,0.95
2026-05-22T10:24:45,A,ok,,0.939
2026-05-22T10:25:00,A,ok,,0.969
2026-05-22T10:25:15,A,ok,,0.933
2026-05-22T10:25:30,A,ok,,0.967
2026-05-22T10:25:45,A,ok,,0.96
2026-05-22T10:26:00,A,ok,,0.96
2026-05-22T10:26:15,A,ok,,0.964
2026-05-22T10:26:30,A,ok,,0.947
2026-05-22T10:26:45,A,ok,,0.924
2026-05-22T10:27:00,A,ok,,0.965
2026-05-22T10:27:15,A,ok,,0.967
2026-05-22T10:27:30,A,ok,,0.958
2026-05-22T10:27:45,A,ok,,0.961
2026-05-22T10:28:00,A,ok,,0.982
2026-05-22T10:28:15,A,ok,,0.922
2026-05-22T10:28:30,A,ok,,0.977
2026-05-22T10:28:45,A,ok,,0.93
2026-05-22T10:29:00,A,ok,,0.929
2026-05-22T10:29:15,A,ok,,0.944
2026-05-22T10:29:30,A,ok,,0.955
2026-05-22T10:29:45,A,ok,,0.978
2026-05-22T10:30:00,A,ok,,0.98
2026-05-22T10:30:15,A,ok,,0.954
2026-05-22T10:30:30,A,ok,,0.973
2026-05-22T10:30:45,A,ok,,0.959
2026-05-22T10:31:00,A,ok,,0.933
2026-05-22T10:31:15,A,ok,,0.926
2026-05-22T10:31:30,A,ok,,0.981
2026-05-22T10:31:45,A,ok,,0.945
2026-05-22T10:32:00,A,ok,,0.953
2026-05-22T10:32:15,A,ok,,0.932
2026-05-22T10:32:30,A,ok,,0.922
2026-05-22T10:32:45,A,ok,,0.923
2026-05-22T10:33:00,A,ok,,0.947
2026-05-22T10:33:15,A,ok,,0.947
2026-05-22T10:33:30,A,ok,,0.967
2026-05-22T10:33:45,A,ok,,0.982
2026-05-22T10:34:00,A,ok,,0.938
2026-05-22T10:34:15,A,ok,,0.988
2026-05-22T10:34:30,A,ok,,0.96
2026-05-22T10:34:45,A,ok,,0.933
2026-05-22T10:35:00,A,ok,,0.94
2026-05-22T10:35:15,A,ok,,0.971
2026-05-22T10:35:30,A,ok,,0.943
2026-05-22T10:35:45,A,ok,,0.966
2026-05-22T10:36:00,A,ok,,0.989
2026-05-22T10:36:15,A,ok,,0.96
2026-05-22T10:36:30,A,ok,,0.943
2026-05-22T10:36:45,A,ok,,0.947
2026-05-22T10:37:00,A,ok,,0.949
2026-05-22T10:37:15,A,ok,,0.928
2026-05-22T10:37:30,A,ok,,0.978
2026-05-22T10:37:45,A,ok,,0.967
2026-05-22T10:38:00,A,ok,,0.949
2026-05-22T10:38:15,A,ok,,0.948
2026-05-22T10:38:30,A,ok,,0.978
2026-05-22T10:38:45,A,ok,,0.954
2026-05-22T10:39:00,A,ok,,0.944
2026-05-22T10:39:15,A,ok,,0.922
2026-05-22T10:39:30,A,ok,,0.958
2026-05-22T10:39:45,A,ok,,0.948
2026-05-22T10:40:00,A,ok,,0.949
2026-05-22T10:40:15,A,ok,,0.948
2026-05-22T10:40:30,A,ok,,0.958
2026-05-22T10:40:45,A,ok,,0.985
2026-05-22T10:41:00,A,ok,,0.948
2026-05-22T10:41:15,A,ok,,0.939
2026-05-22T10:41:30,A,ok,,0.934
2026-05-22T10:41:45,A,ok,,0.978
2026-05-22T10:42:00,A,ok,,0.939
2026-05-22T10:42:15,A,ok,,0.95
2026-05-22T10:42:30,A,ok,,0.959
2026-05-22T10:42:45,A,ok,,0.967
2026-05-22T10:43:00,A,ok,,0.936
2026-05-22T10:43:15,A,ok,,0.923
2026-05-22T10:43:30,A,defect,scratch,0.861
2026-05-22T10:43:45,A,ok,,0.924
2026-05-22T10:44:00,A,ok,,0.948
2026-05-22T10:44:15,A,ok,,0.967
2026-05-22T10:44:30,A,ok,,0.921
2026-05-22T10:44:45,A,ok,,0.978
2026-05-22T10:45:00,A,ok,,0.92
2026-05-22T10:45:15,A,ok,,0.926
2026-05-22T10:45:30,A,ok,,0.927
2026-05-22T10:45:45,A,ok,,0.967
2026-05-22T10:46:00,A,ok,,0.969
2026-05-22T10:46:15,A,ok,,0.94
2026-05-22T10:46:30,A,ok,,0.958
2026-05-22T10:46:45,A,ok,,0.955
2026-05-22T10:47:00,A,ok,,0.965
2026-05-22T10:47:15,A,defect,scratch,0.894
2026-05-22T10:47:30,A,ok,,0.985
2026-05-22T10:47:45,A,ok,,0.955
2026-05-22T10:48:00,A,ok,,0.951
2026-05-22T10:48:15,A,ok,,0.961
2026-05-22T10:48:30,A,ok,,0.924
2026-05-22T10:48:45,A,ok,,0.926
2026-05-22T10:49:00,A,ok,,0.962
2026-05-22T10:49:15,A,ok,,0.986
2026-05-22T10:49:30,A,ok,,0.987
2026-05-22T10:49:45,A,ok,,0.983
2026-05-22T10:50:00,A,ok,,0.945
2026-05-22T10:50:15,A,ok,,0.987
2026-05-22T10:50:30,A,ok,,0.962
2026-05-22T10:50:45,A,ok,,0.933
2026-05-22T10:51:00,A,ok,,0.979
2026-05-22T10:51:15,A,ok,,0.923
2026-05-22T10:51:30,A,ok,,0.929
2026-05-22T10:51:45,A,ok,,0.92
2026-05-22T10:52:00,A,ok,,0.932
2026-05-22T10:52:15,A,ok,,0.976
2026-05-22T10:52:30,A,ok,,0.975
2026-05-22T10:52:45,A,ok,,0.976
2026-05-22T10:53:00,A,ok,,0.924
2026-05-22T10:53:15,A,ok,,0.929
2026-05-22T10:53:30,A,ok,,0.945
2026-05-22T10:53:45,A,ok,,0.972
2026-05-22T10:54:00,A,ok,,0.976
2026-05-22T10:54:15,A,ok,,0.956
2026-05-22T10:54:30,A,ok,,0.964
2026-05-22T10:54:45,A,ok,,0.962
2026-05-22T10:55:00,A,ok,,0.934
2026-05-22T10:55:15,A,ok,,0.926
2026-05-22T10:55:30,A,defect,scratch,0.941
2026-05-22T10:55:45,A,ok,,0.99
2026-05-22T10:56:00,A,ok,,0.98
2026-05-22T10:56:15,A,ok,,0.935
2026-05-22T10:56:30,A,ok,,0.988
2026-05-22T10:56:45,A,ok,,0.942
2026-05-22T10:57:00,A,ok,,0.975
2026-05-22T10:57:15,A,ok,,0.946
2026-05-22T10:57:30,A,ok,,0.981
2026-05-22T10:57:45,A,ok,,0.968
2026-05-22T10:58:00,A,ok,,0.98
2026-05-22T10:58:15,A,ok,,0.929
2026-05-22T10:58:30,A,ok,,0.97
2026-05-22T10:58:45,A,ok,,0.97
2026-05-22T10:59:00,A,ok,,0.979
2026-05-22T10:59:15,A,ok,,0.982
2026-05-22T10:59:30,A,ok,,0.948
2026-05-22T10:59:45,A,ok,,0.982
2026-05-22T11:00:00,A,ok,,0.95
2026-05-22T11:00:15,A,ok,,0.973
2026-05-22T11:00:30,A,ok,,0.949
2026-05-22T11:00:45,A,ok,,0.944
2026-05-22T11:01:00,A,ok,,0.951
2026-05-22T11:01:15,A,ok,,0.937
2026-05-22T11:01:30,A,ok,,0.978
2026-05-22T11:01:45,A,ok,,0.983
2026-05-22T11:02:00,A,ok,,0.975
2026-05-22T11:02:15,A,ok,,0.98
2026-05-22T11:02:30,A,ok,,0.948
2026-05-22T11:02:45,A,ok,,0.972
2026-05-22T11:03:00,A,ok,,0.939
2026-05-22T11:03:15,A,ok,,0.947
2026-05-22T11:03:30,A,ok,,0.943
2026-05-22T11:03:45,A,ok,,0.929
2026-05-22T11:04:00,A,ok,,0.978
2026-05-22T11:04:15,A,ok,,0.968
2026-05-22T11:04:30,A,ok,,0.941
2026-05-22T11:04:45,A,ok,,0.959
2026-05-22T11:05:00,A,ok,,0.972
2026-05-22T11:05:15,A,ok,,0.944
2026-05-22T11:05:30,A,ok,,0.977
2026-05-22T11:05:45,A,ok,,0.979
2026-05-22T11:06:00,A,ok,,0.964
2026-05-22T11:06:15,A,ok,,0.935
2026-05-22T11:06:30,A,ok,,0.951
2026-05-22T11:06:45,A,ok,,0.962
2026-05-22T11:07:00,A,ok,,0.983
2026-05-22T11:07:15,A,ok,,0.944
2026-05-22T11:07:30,A,ok,,0.964
2026-05-22T11:07:45,A,ok,,0.95
2026-05-22T11:08:00,A,ok,,0.962
2026-05-22T11:08:15,A,ok,,0.961
2026-05-22T11:08:30,A,ok,,0.956
2026-05-22T11:08:45,A,ok,,0.944
2026-05-22T11:09:00,A,ok,,0.926
2026-05-22T11:09:15,A,ok,,0.927
2026-05-22T11:09:30,A,ok,,0.924
2026-05-22T11:09:45,A,ok,,0.96
2026-05-22T11:10:00,A,ok,,0.988
2026-05-22T11:10:15,A,ok,,0.94
2026-05-22T11:10:30,A,ok,,0.937
2026-05-22T11:10:45,A,ok,,0.926
2026-05-22T11:11:00,A,ok,,0.982
2026-05-22T11:11:15,A,ok,,0.973
2026-05-22T11:11:30,A,ok,,0.923
2026-05-22T11:11:45,A,ok,,0.96
2026-05-22T11:12:00,A,ok,,0.985
2026-05-22T11:12:15,A,ok,,0.985
2026-05-22T11:12:30,A,ok,,0.989
2026-05-22T11:12:45,A,ok,,0.933
2026-05-22T11:13:00,A,ok,,0.924
2026-05-22T11:13:15,A,ok,,0.982
2026-05-22T11:13:30,A,ok,,0.921
2026-05-22T11:13:45,A,ok,,0.984
2026-05-22T11:14:00,A,ok,,0.988
2026-05-22T11:14:15,A,ok,,0.981
2026-05-22T11:14:30,A,ok,,0.953
2026-05-22T11:14:45,A,ok,,0.936
2026-05-22T11:15:00,A,ok,,0.982
2026-05-22T11:15:15,A,ok,,0.922
2026-05-22T11:15:30,A,ok,,0.921
2026-05-22T11:15:45,A,ok,,0.983
2026-05-22T11:16:00,A,ok,,0.94
2026-05-22T11:16:15,A,ok,,0.941
2026-05-22T11:16:30,A,ok,,0.99
2026-05-22T11:16:45,A,ok,,0.936
2026-05-22T11:17:00,A,ok,,0.932
2026-05-22T11:17:15,A,ok,,0.944
2026-05-22T11:17:30,A,ok,,0.988
2026-05-22T11:17:45,A,ok,,0.946
2026-05-22T11:18:00,A,ok,,0.951
2026-05-22T11:18:15,A,ok,,0.942
2026-05-22T11:18:30,A,ok,,0.96
2026-05-22T11:18:45,A,ok,,0.972
2026-05-22T11:19:00,A,ok,,0.929
2026-05-22T11:19:15,A,ok,,0.947
2026-05-22T11:19:30,A,ok,,0.98
2026-05-22T11:19:45,A,defect,scratch,0.907
2026-05-22T11:20:00,A,ok,,0.971
2026-05-22T11:20:15,A,ok,,0.943
2026-05-22T11:20:30,A,ok,,0.954
2026-05-22T11:20:45,A,ok,,0.974
2026-05-22T11:21:00,A,ok,,0.952
2026-05-22T11:21:15,A,ok,,0.976
2026-05-22T11:21:30,A,ok,,0.925
2026-05-22T11:21:45,A,ok,,0.972
2026-05-22T11:22:00,A,ok,,0.988
2026-05-22T11:22:15,A,ok,,0.969
2026-05-22T11:22:30,A,ok,,0.957
2026-05-22T11:22:45,A,ok,,0.966
2026-05-22T11:23:00,A,ok,,0.937
2026-05-22T11:23:15,A,defect,bubble,0.968
2026-05-22T11:23:30,A,ok,,0.933
2026-05-22T11:23:45,A,defect,bubble,0.953
2026-05-22T11:24:00,A,ok,,0.929
2026-05-22T11:24:15,A,ok,,0.978
2026-05-22T11:24:30,A,ok,,0.932
2026-05-22T11:24:45,A,ok,,0.931
2026-05-22T11:25:00,A,ok,,0.94
2026-05-22T11:25:15,A,ok,,0.988
2026-05-22T11:25:30,A,defect,bubble,0.87
2026-05-22T11:25:45,A,ok,,0.958
2026-05-22T11:26:00,A,ok,,0.96
2026-05-22T11:26:15,A,ok,,0.95
2026-05-22T11:26:30,A,ok,,0.984
2026-05-22T11:26:45,A,ok,,0.936
2026-05-22T11:27:00,A,ok,,0.935
2026-05-22T11:27:15,A,ok,,0.926
2026-05-22T11:27:30,A,ok,,0.955
2026-05-22T11:27:45,A,ok,,0.957
2026-05-22T11:28:00,A,ok,,0.949
2026-05-22T11:28:15,A,ok,,0.955
2026-05-22T11:28:30,A,defect,bubble,0.909
2026-05-22T11:28:45,A,ok,,0.978
2026-05-22T11:29:00,A,ok,,0.964
2026-05-22T11:29:15,A,ok,,0.933
2026-05-22T11:29:30,A,ok,,0.958
2026-05-22T11:29:45,A,ok,,0.985
2026-05-22T11:30:00,A,defect,bubble,0.985
2026-05-22T11:30:15,A,defect,bubble,0.896
2026-05-22T11:30:30,A,ok,,0.936
2026-05-22T11:30:45,A,defect,bubble,0.937
2026-05-22T11:31:00,A,ok,,0.974
2026-05-22T11:31:15,A,defect,bubble,0.871
2026-05-22T11:31:30,A,defect,bubble,0.926
2026-05-22T11:31:45,A,ok,,0.932
2026-05-22T11:32:00,A,ok,,0.977
2026-05-22T11:32:15,A,ok,,0.98
2026-05-22T11:32:30,A,ok,,0.936
2026-05-22T11:32:45,A,ok,,0.973
2026-05-22T11:33:00,A,ok,,0.955
2026-05-22T11:33:15,A,ok,,0.976
2026-05-22T11:33:30,A,defect,bubble,0.914
2026-05-22T11:33:45,A,ok,,0.952
2026-05-22T11:34:00,A,ok,,0.972
2026-05-22T11:34:15,A,ok,,0.926
2026-05-22T11:34:30,A,ok,,0.989
2026-05-22T11:34:45,A,ok,,0.973
2026-05-22T11:35:00,A,ok,,0.945
2026-05-22T11:35:15,A,defect,bubble,0.859
2026-05-22T11:35:30,A,ok,,0.946
2026-05-22T11:35:45,A,ok,,0.932
2026-05-22T11:36:00,A,defect,bubble,0.87
2026-05-22T11:36:15,A,ok,,0.966
2026-05-22T11:36:30,A,ok,,0.945
2026-05-22T11:36:45,A,ok,,0.946
2026-05-22T11:37:00,A,ok,,0.932
2026-05-22T11:37:15,A,ok,,0.976
2026-05-22T11:37:30,A,ok,,0.966
2026-05-22T11:37:45,A,defect,bubble,0.927
2026-05-22T11:38:00,A,ok,,0.959
2026-05-22T11:38:15,A,defect,bubble,0.905
2026-05-22T11:38:30,A,ok,,0.951
2026-05-22T11:38:45,A,ok,,0.957
2026-05-22T11:39:00,A,ok,,0.922
2026-05-22T11:39:15,A,defect,bubble,0.95
2026-05-22T11:39:30,A,ok,,0.94
2026-05-22T11:39:45,A,defect,bubble,0.923
2026-05-22T11:40:00,A,defect,bubble,0.915
2026-05-22T11:40:15,A,ok,,0.944
2026-05-22T11:40:30,A,ok,,0.972
2026-05-22T11:40:45,A,ok,,0.98
2026-05-22T11:41:00,A,ok,,0.986
2026-05-22T11:41:15,A,ok,,0.955
2026-05-22T11:41:30,A,ok,,0.986
2026-05-22T11:41:45,A,ok,,0.921
2026-05-22T11:42:00,A,ok,,0.99
2026-05-22T11:42:15,A,ok,,0.939
2026-05-22T11:42:30,A,ok,,0.985
2026-05-22T11:42:45,A,ok,,0.947
2026-05-22T11:43:00,A,ok,,0.929
2026-05-22T11:43:15,A,ok,,0.968
2026-05-22T11:43:30,A,ok,,0.931
2026-05-22T11:43:45,A,ok,,0.921
2026-05-22T11:44:00,A,ok,,0.976
2026-05-22T11:44:15,A,ok,,0.921
2026-05-22T11:44:30,A,ok,,0.96
2026-05-22T11:44:45,A,defect,bubble,0.973
2026-05-22T11:45:00,A,ok,,0.986
2026-05-22T11:45:15,A,ok,,0.941
2026-05-22T11:45:30,A,ok,,0.961
2026-05-22T11:45:45,A,ok,,0.942
2026-05-22T11:46:00,A,ok,,0.971
2026-05-22T11:46:15,A,ok,,0.969
2026-05-22T11:46:30,A,ok,,0.961
2026-05-22T11:46:45,A,ok,,0.983
2026-05-22T11:47:00,A,ok,,0.942
2026-05-22T11:47:15,A,ok,,0.972
2026-05-22T11:47:30,A,ok,,0.936
2026-05-22T11:47:45,A,ok,,0.976
2026-05-22T11:48:00,A,ok,,0.972
2026-05-22T11:48:15,A,ok,,0.936
2026-05-22T11:48:30,A,ok,,0.94
2026-05-22T11:48:45,A,ok,,0.944
2026-05-22T11:49:00,A,ok,,0.925
2026-05-22T11:49:15,A,ok,,0.94
2026-05-22T11:49:30,A,ok,,0.952
2026-05-22T11:49:45,A,ok,,0.941
2026-05-22T11:50:00,A,ok,,0.957
2026-05-22T11:50:15,A,ok,,0.942
2026-05-22T11:50:30,A,ok,,0.988
2026-05-22T11:50:45,A,ok,,0.926
2026-05-22T11:51:00,A,ok,,0.925
2026-05-22T11:51:15,A,ok,,0.984
2026-05-22T11:51:30,A,ok,,0.926
2026-05-22T11:51:45,A,ok,,0.939
2026-05-22T11:52:00,A,ok,,0.956
2026-05-22T11:52:15,A,ok,,0.92
2026-05-22T11:52:30,A,ok,,0.924
2026-05-22T11:52:45,A,ok,,0.935
2026-05-22T11:53:00,A,ok,,0.923
2026-05-22T11:53:15,A,ok,,0.965
2026-05-22T11:53:30,A,ok,,0.974
2026-05-22T11:53:45,A,ok,,0.973
2026-05-22T11:54:00,A,ok,,0.945
2026-05-22T11:54:15,A,ok,,0.965
2026-05-22T11:54:30,A,ok,,0.962
2026-05-22T11:54:45,A,ok,,0.923
2026-05-22T11:55:00,A,ok,,0.922
2026-05-22T11:55:15,A,ok,,0.964
2026-05-22T11:55:30,A,ok,,0.976
2026-05-22T11:55:45,A,ok,,0.972
2026-05-22T11:56:00,A,ok,,0.94
2026-05-22T11:56:15,A,ok,,0.966
2026-05-22T11:56:30,A,ok,,0.921
2026-05-22T11:56:45,A,ok,,0.928
2026-05-22T11:57:00,A,ok,,0.962
2026-05-22T11:57:15,A,ok,,0.925
2026-05-22T11:57:30,A,ok,,0.974
2026-05-22T11:57:45,A,ok,,0.985
2026-05-22T11:58:00,A,defect,scratch,0.878
2026-05-22T11:58:15,A,ok,,0.984
2026-05-22T11:58:30,A,ok,,0.929
2026-05-22T11:58:45,A,ok,,0.986
2026-05-22T11:59:00,A,ok,,0.964
2026-05-22T11:59:15,A,ok,,0.935
2026-05-22T11:59:30,A,ok,,0.952
2026-05-22T11:59:45,A,ok,,0.924
2026-05-22T12:00:00,A,ok,,0.972
2026-05-22T12:00:15,A,ok,,0.974
2026-05-22T12:00:30,A,ok,,0.932
2026-05-22T12:00:45,A,ok,,0.928
2026-05-22T12:01:00,A,ok,,0.956
2026-05-22T12:01:15,A,ok,,0.988
2026-05-22T12:01:30,A,ok,,0.953
2026-05-22T12:01:45,A,ok,,0.923
2026-05-22T12:02:00,A,ok,,0.959
2026-05-22T12:02:15,A,ok,,0.945
2026-05-22T12:02:30,A,ok,,0.927
2026-05-22T12:02:45,A,ok,,0.955
2026-05-22T12:03:00,A,ok,,0.988
2026-05-22T12:03:15,A,ok,,0.982
2026-05-22T12:03:30,A,ok,,0.989
2026-05-22T12:03:45,A,ok,,0.969
2026-05-22T12:04:00,A,ok,,0.956
2026-05-22T12:04:15,A,ok,,0.954
2026-05-22T12:04:30,A,ok,,0.923
2026-05-22T12:04:45,A,ok,,0.952
2026-05-22T12:05:00,A,ok,,0.983
2026-05-22T12:05:15,A,ok,,0.926
2026-05-22T12:05:30,A,ok,,0.988
2026-05-22T12:05:45,A,ok,,0.924
2026-05-22T12:06:00,A,ok,,0.935
2026-05-22T12:06:15,A,ok,,0.958
2026-05-22T12:06:30,A,ok,,0.949
2026-05-22T12:06:45,A,ok,,0.952
2026-05-22T12:07:00,A,ok,,0.925
2026-05-22T12:07:15,A,ok,,0.928
2026-05-22T12:07:30,A,ok,,0.938
2026-05-22T12:07:45,A,ok,,0.966
2026-05-22T12:08:00,A,ok,,0.921
2026-05-22T12:08:15,A,ok,,0.968
2026-05-22T12:08:30,A,ok,,0.96
2026-05-22T12:08:45,A,ok,,0.943
2026-05-22T12:09:00,A,ok,,0.924
2026-05-22T12:09:15,A,ok,,0.958
2026-05-22T12:09:30,A,ok,,0.945
2026-05-22T12:09:45,A,ok,,0.969
2026-05-22T12:10:00,A,ok,,0.956
2026-05-22T12:10:15,A,ok,,0.983
2026-05-22T12:10:30,A,ok,,0.969
2026-05-22T12:10:45,A,ok,,0.925
2026-05-22T12:11:00,A,ok,,0.983
2026-05-22T12:11:15,A,ok,,0.933
2026-05-22T12:11:30,A,ok,,0.951
2026-05-22T12:11:45,A,ok,,0.951
2026-05-22T12:12:00,A,ok,,0.964
2026-05-22T12:12:15,A,ok,,0.934
2026-05-22T12:12:30,A,ok,,0.965
2026-05-22T12:12:45,A,ok,,0.968
2026-05-22T12:13:00,A,ok,,0.96
2026-05-22T12:13:15,A,ok,,0.942
2026-05-22T12:13:30,A,ok,,0.968
2026-05-22T12:13:45,A,ok,,0.979
2026-05-22T12:14:00,A,ok,,0.985
2026-05-22T12:14:15,A,defect,scratch,0.963
2026-05-22T12:14:30,A,ok,,0.941
2026-05-22T12:14:45,A,ok,,0.968
2026-05-22T12:15:00,A,ok,,0.934
2026-05-22T12:15:15,A,ok,,0.946
2026-05-22T12:15:30,A,ok,,0.922
2026-05-22T12:15:45,A,ok,,0.921
2026-05-22T12:16:00,A,ok,,0.935
2026-05-22T12:16:15,A,ok,,0.921
2026-05-22T12:16:30,A,ok,,0.947
2026-05-22T12:16:45,A,ok,,0.927
2026-05-22T12:17:00,A,ok,,0.968
2026-05-22T12:17:15,A,ok,,0.963
2026-05-22T12:17:30,A,ok,,0.949
2026-05-22T12:17:45,A,ok,,0.921
2026-05-22T12:18:00,A,ok,,0.952
2026-05-22T12:18:15,A,ok,,0.955
2026-05-22T12:18:30,A,ok,,0.982
2026-05-22T12:18:45,A,ok,,0.954
2026-05-22T12:19:00,A,ok,,0.949
2026-05-22T12:19:15,A,ok,,0.944
2026-05-22T12:19:30,A,ok,,0.965
2026-05-22T12:19:45,A,ok,,0.924
2026-05-22T12:20:00,A,ok,,0.923
2026-05-22T12:20:15,A,ok,,0.922
2026-05-22T12:20:30,A,ok,,0.97
2026-05-22T12:20:45,A,ok,,0.952
2026-05-22T12:21:00,A,ok,,0.939
2026-05-22T12:21:15,A,ok,,0.938
2026-05-22T12:21:30,A,ok,,0.974
2026-05-22T12:21:45,A,ok,,0.949
2026-05-22T12:22:00,A,ok,,0.965
2026-05-22T12:22:15,A,ok,,0.988
2026-05-22T12:22:30,A,ok,,0.948
2026-05-22T12:22:45,A,ok,,0.932
2026-05-22T12:23:00,A,ok,,0.968
2026-05-22T12:23:15,A,ok,,0.93
2026-05-22T12:23:30,A,ok,,0.988
2026-05-22T12:23:45,A,ok,,0.962
2026-05-22T12:24:00,A,ok,,0.966
2026-05-22T12:24:15,A,ok,,0.964
2026-05-22T12:24:30,A,ok,,0.946
2026-05-22T12:24:45,A,ok,,0.969
2026-05-22T12:25:00,A,ok,,0.978
2026-05-22T12:25:15,A,ok,,0.929
2026-05-22T12:25:30,A,ok,,0.934
2026-05-22T12:25:45,A,ok,,0.971
2026-05-22T12:26:00,A,ok,,0.935
2026-05-22T12:26:15,A,ok,,0.949
2026-05-22T12:26:30,A,ok,,0.973
2026-05-22T12:26:45,A,ok,,0.971
2026-05-22T12:27:00,A,ok,,0.957
2026-05-22T12:27:15,A,ok,,0.975
2026-05-22T12:27:30,A,ok,,0.967
2026-05-22T12:27:45,A,ok,,0.933
2026-05-22T12:28:00,A,ok,,0.961
2026-05-22T12:28:15,A,ok,,0.988
2026-05-22T12:28:30,A,ok,,0.956
2026-05-22T12:28:45,A,ok,,0.935
2026-05-22T12:29:00,A,ok,,0.962
2026-05-22T12:29:15,A,ok,,0.969
2026-05-22T12:29:30,A,ok,,0.95
2026-05-22T12:29:45,A,ok,,0.959
2026-05-22T12:30:00,A,ok,,0.942
2026-05-22T12:30:15,A,ok,,0.973
2026-05-22T12:30:30,A,ok,,0.972
2026-05-22T12:30:45,A,ok,,0.932
2026-05-22T12:31:00,A,ok,,0.926
2026-05-22T12:31:15,A,ok,,0.958
2026-05-22T12:31:30,A,ok,,0.952
2026-05-22T12:31:45,A,ok,,0.921
2026-05-22T12:32:00,A,ok,,0.98
2026-05-22T12:32:15,A,ok,,0.949
2026-05-22T12:32:30,A,ok,,0.928
2026-05-22T12:32:45,A,ok,,0.983
2026-05-22T12:33:00,A,ok,,0.932
2026-05-22T12:33:15,A,defect,scratch,0.885
2026-05-22T12:33:30,A,ok,,0.929
2026-05-22T12:33:45,A,ok,,0.942
2026-05-22T12:34:00,A,ok,,0.968
2026-05-22T12:34:15,A,ok,,0.95
2026-05-22T12:34:30,A,ok,,0.921
2026-05-22T12:34:45,A,ok,,0.967
2026-05-22T12:35:00,A,ok,,0.927
2026-05-22T12:35:15,A,ok,,0.978
2026-05-22T12:35:30,A,ok,,0.947
2026-05-22T12:35:45,A,ok,,0.974
2026-05-22T12:36:00,A,ok,,0.967
2026-05-22T12:36:15,A,ok,,0.966
2026-05-22T12:36:30,A,ok,,0.937
2026-05-22T12:36:45,A,defect,scratch,0.935
2026-05-22T12:37:00,A,ok,,0.949
2026-05-22T12:37:15,A,ok,,0.95
2026-05-22T12:37:30,A,ok,,0.935
2026-05-22T12:37:45,A,ok,,0.934
2026-05-22T12:38:00,A,ok,,0.932
2026-05-22T12:38:15,A,ok,,0.97
2026-05-22T12:38:30,A,ok,,0.926
2026-05-22T12:38:45,A,ok,,0.961
2026-05-22T12:39:00,A,ok,,0.955
2026-05-22T12:39:15,A,ok,,0.979
2026-05-22T12:39:30,A,ok,,0.947
2026-05-22T12:39:45,A,ok,,0.972
2026-05-22T12:40:00,A,ok,,0.961
2026-05-22T12:40:15,A,ok,,0.927
2026-05-22T12:40:30,A,ok,,0.954
2026-05-22T12:40:45,A,ok,,0.932
2026-05-22T12:41:00,A,ok,,0.98
2026-05-22T12:41:15,A,ok,,0.967
2026-05-22T12:41:30,A,ok,,0.953
2026-05-22T12:41:45,A,ok,,0.974
2026-05-22T12:42:00,A,ok,,0.945
2026-05-22T12:42:15,A,ok,,0.938
2026-05-22T12:42:30,A,ok,,0.923
2026-05-22T12:42:45,A,ok,,0.923
2026-05-22T12:43:00,A,ok,,0.977
2026-05-22T12:43:15,A,ok,,0.929
2026-05-22T12:43:30,A,ok,,0.942
2026-05-22T12:43:45,A,ok,,0.978
2026-05-22T12:44:00,A,ok,,0.973
2026-05-22T12:44:15,A,ok,,0.974
2026-05-22T12:44:30,A,ok,,0.96
2026-05-22T12:44:45,A,ok,,0.931
2026-05-22T12:45:00,A,ok,,0.983
2026-05-22T12:45:15,A,ok,,0.985
2026-05-22T12:45:30,A,ok,,0.943
2026-05-22T12:45:45,A,ok,,0.921
2026-05-22T12:46:00,A,ok,,0.962
2026-05-22T12:46:15,A,ok,,0.943
2026-05-22T12:46:30,A,ok,,0.961
2026-05-22T12:46:45,A,ok,,0.988
2026-05-22T12:47:00,A,ok,,0.96
2026-05-22T12:47:15,A,ok,,0.977
2026-05-22T12:47:30,A,ok,,0.947
2026-05-22T12:47:45,A,ok,,0.97
2026-05-22T12:48:00,A,ok,,0.96
2026-05-22T12:48:15,A,ok,,0.987
2026-05-22T12:48:30,A,ok,,0.953
2026-05-22T12:48:45,A,ok,,0.972
2026-05-22T12:49:00,A,ok,,0.973
2026-05-22T12:49:15,A,ok,,0.925
2026-05-22T12:49:30,A,ok,,0.946
2026-05-22T12:49:45,A,ok,,0.977
2026-05-22T12:50:00,A,ok,,0.953
2026-05-22T12:50:15,A,ok,,0.987
2026-05-22T12:50:30,A,ok,,0.939
2026-05-22T12:50:45,A,ok,,0.934
2026-05-22T12:51:00,A,ok,,0.958
2026-05-22T12:51:15,A,ok,,0.962
2026-05-22T12:51:30,A,ok,,0.977
2026-05-22T12:51:45,A,ok,,0.925
2026-05-22T12:52:00,A,ok,,0.949
2026-05-22T12:52:15,A,ok,,0.951
2026-05-22T12:52:30,A,ok,,0.986
2026-05-22T12:52:45,A,ok,,0.939
2026-05-22T12:53:00,A,ok,,0.952
2026-05-22T12:53:15,A,ok,,0.969
2026-05-22T12:53:30,A,ok,,0.964
2026-05-22T12:53:45,A,ok,,0.929
2026-05-22T12:54:00,A,ok,,0.94
2026-05-22T12:54:15,A,ok,,0.958
2026-05-22T12:54:30,A,ok,,0.977
2026-05-22T12:54:45,A,ok,,0.983
2026-05-22T12:55:00,A,ok,,0.93
2026-05-22T12:55:15,A,ok,,0.946
2026-05-22T12:55:30,A,ok,,0.982
2026-05-22T12:55:45,A,ok,,0.974
2026-05-22T12:56:00,A,ok,,0.952
2026-05-22T12:56:15,A,ok,,0.98
2026-05-22T12:56:30,A,ok,,0.968
2026-05-22T12:56:45,A,ok,,0.976
2026-05-22T12:57:00,A,ok,,0.949
2026-05-22T12:57:15,A,ok,,0.939
2026-05-22T12:57:30,A,ok,,0.922
2026-05-22T12:57:45,A,ok,,0.957
2026-05-22T12:58:00,A,ok,,0.925
2026-05-22T12:58:15,A,ok,,0.948
2026-05-22T12:58:30,A,ok,,0.94
2026-05-22T12:58:45,A,ok,,0.923
2026-05-22T12:59:00,A,ok,,0.938
2026-05-22T12:59:15,A,ok,,0.987
2026-05-22T12:59:30,A,ok,,0.977
2026-05-22T12:59:45,A,ok,,0.964
2026-05-22T13:00:00,A,ok,,0.952
2026-05-22T13:00:15,A,ok,,0.952
2026-05-22T13:00:30,A,ok,,0.969
2026-05-22T13:00:45,A,ok,,0.963
2026-05-22T13:01:00,A,ok,,0.951
2026-05-22T13:01:15,A,ok,,0.953
2026-05-22T13:01:30,A,ok,,0.978
2026-05-22T13:01:45,A,ok,,0.944
2026-05-22T13:02:00,A,ok,,0.924
2026-05-22T13:02:15,A,ok,,0.929
2026-05-22T13:02:30,A,ok,,0.948
2026-05-22T13:02:45,A,defect,scratch,0.958
2026-05-22T13:03:00,A,ok,,0.937
2026-05-22T13:03:15,A,ok,,0.972
2026-05-22T13:03:30,A,ok,,0.969
2026-05-22T13:03:45,A,ok,,0.955
2026-05-22T13:04:00,A,ok,,0.934
2026-05-22T13:04:15,A,ok,,0.934
2026-05-22T13:04:30,A,ok,,0.935
2026-05-22T13:04:45,A,ok,,0.961
2026-05-22T13:05:00,A,ok,,0.952
2026-05-22T13:05:15,A,ok,,0.979
2026-05-22T13:05:30,A,ok,,0.935
2026-05-22T13:05:45,A,ok,,0.959
2026-05-22T13:06:00,A,ok,,0.939
2026-05-22T13:06:15,A,ok,,0.988
2026-05-22T13:06:30,A,ok,,0.975
2026-05-22T13:06:45,A,ok,,0.968
2026-05-22T13:07:00,A,ok,,0.939
2026-05-22T13:07:15,A,ok,,0.933
2026-05-22T13:07:30,A,ok,,0.99
2026-05-22T13:07:45,A,ok,,0.974
2026-05-22T13:08:00,A,ok,,0.965
2026-05-22T13:08:15,A,ok,,0.975
2026-05-22T13:08:30,A,ok,,0.969
2026-05-22T13:08:45,A,ok,,0.934
2026-05-22T13:09:00,A,ok,,0.983
2026-05-22T13:09:15,A,ok,,0.948
2026-05-22T13:09:30,A,ok,,0.96
2026-05-22T13:09:45,A,ok,,0.957
2026-05-22T13:10:00,A,ok,,0.926
2026-05-22T13:10:15,A,ok,,0.986
2026-05-22T13:10:30,A,ok,,0.926
2026-05-22T13:10:45,A,ok,,0.923
2026-05-22T13:11:00,A,ok,,0.92
2026-05-22T13:11:15,A,ok,,0.935
2026-05-22T13:11:30,A,ok,,0.926
2026-05-22T13:11:45,A,ok,,0.924
2026-05-22T13:12:00,A,ok,,0.967
2026-05-22T13:12:15,A,ok,,0.936
2026-05-22T13:12:30,A,ok,,0.928
2026-05-22T13:12:45,A,ok,,0.964
2026-05-22T13:13:00,A,ok,,0.941
2026-05-22T13:13:15,A,ok,,0.943
2026-05-22T13:13:30,A,ok,,0.973
2026-05-22T13:13:45,A,defect,scratch,0.884
2026-05-22T13:14:00,A,defect,scratch,0.988
2026-05-22T13:14:15,A,ok,,0.93
2026-05-22T13:14:30,A,ok,,0.949
2026-05-22T13:14:45,A,ok,,0.923
2026-05-22T13:15:00,A,ok,,0.983
2026-05-22T13:15:15,A,ok,,0.955
2026-05-22T13:15:30,A,ok,,0.931
2026-05-22T13:15:45,A,ok,,0.932
2026-05-22T13:16:00,A,ok,,0.932
2026-05-22T13:16:15,A,defect,scratch,0.885
2026-05-22T13:16:30,A,ok,,0.936
2026-05-22T13:16:45,A,ok,,0.953
2026-05-22T13:17:00,A,ok,,0.947
2026-05-22T13:17:15,A,ok,,0.936
2026-05-22T13:17:30,A,ok,,0.952
2026-05-22T13:17:45,A,ok,,0.971
2026-05-22T13:18:00,A,ok,,0.981
2026-05-22T13:18:15,A,ok,,0.936
2026-05-22T13:18:30,A,ok,,0.932
2026-05-22T13:18:45,A,ok,,0.942
2026-05-22T13:19:00,A,ok,,0.975
2026-05-22T13:19:15,A,ok,,0.961
2026-05-22T13:19:30,A,ok,,0.942
2026-05-22T13:19:45,A,ok,,0.921
2026-05-22T13:20:00,A,ok,,0.923
2026-05-22T13:20:15,A,ok,,0.926
2026-05-22T13:20:30,A,ok,,0.946
2026-05-22T13:20:45,A,ok,,0.967
2026-05-22T13:21:00,A,ok,,0.936
2026-05-22T13:21:15,A,ok,,0.933
2026-05-22T13:21:30,A,ok,,0.981
2026-05-22T13:21:45,A,ok,,0.949
2026-05-22T13:22:00,A,ok,,0.95
2026-05-22T13:22:15,A,ok,,0.977
2026-05-22T13:22:30,A,ok,,0.982
2026-05-22T13:22:45,A,ok,,0.953
2026-05-22T13:23:00,A,ok,,0.97
2026-05-22T13:23:15,A,ok,,0.958
2026-05-22T13:23:30,A,ok,,0.934
2026-05-22T13:23:45,A,ok,,0.94
2026-05-22T13:24:00,A,ok,,0.943
2026-05-22T13:24:15,A,ok,,0.945
2026-05-22T13:24:30,A,ok,,0.988
2026-05-22T13:24:45,A,ok,,0.987
2026-05-22T13:25:00,A,ok,,0.957
2026-05-22T13:25:15,A,ok,,0.98
2026-05-22T13:25:30,A,ok,,0.945
2026-05-22T13:25:45,A,ok,,0.921
2026-05-22T13:26:00,A,ok,,0.922
2026-05-22T13:26:15,A,ok,,0.939
2026-05-22T13:26:30,A,ok,,0.958
2026-05-22T13:26:45,A,ok,,0.973
2026-05-22T13:27:00,A,ok,,0.926
2026-05-22T13:27:15,A,ok,,0.949
2026-05-22T13:27:30,A,ok,,0.956
2026-05-22T13:27:45,A,ok,,0.961
2026-05-22T13:28:00,A,ok,,0.989
2026-05-22T13:28:15,A,ok,,0.964
2026-05-22T13:28:30,A,ok,,0.953
2026-05-22T13:28:45,A,ok,,0.981
2026-05-22T13:29:00,A,ok,,0.956
2026-05-22T13:29:15,A,ok,,0.966
2026-05-22T13:29:30,A,ok,,0.946
2026-05-22T13:29:45,A,ok,,0.983
2026-05-22T13:30:00,A,ok,,0.958
2026-05-22T13:30:15,A,ok,,0.93
2026-05-22T13:30:30,A,defect,scratch,0.958
2026-05-22T13:30:45,A,ok,,0.971
2026-05-22T13:31:00,A,ok,,0.925
2026-05-22T13:31:15,A,ok,,0.951
2026-05-22T13:31:30,A,ok,,0.94
2026-05-22T13:31:45,A,ok,,0.948
2026-05-22T13:32:00,A,ok,,0.963
2026-05-22T13:32:15,A,ok,,0.974
2026-05-22T13:32:30,A,ok,,0.962
2026-05-22T13:32:45,A,ok,,0.97
2026-05-22T13:33:00,A,ok,,0.945
2026-05-22T13:33:15,A,ok,,0.92
2026-05-22T13:33:30,A,ok,,0.969
2026-05-22T13:33:45,A,ok,,0.929
2026-05-22T13:34:00,A,ok,,0.979
2026-05-22T13:34:15,A,ok,,0.978
2026-05-22T13:34:30,A,ok,,0.924
2026-05-22T13:34:45,A,ok,,0.938
2026-05-22T13:35:00,A,ok,,0.953
2026-05-22T13:35:15,A,ok,,0.976
2026-05-22T13:35:30,A,ok,,0.944
2026-05-22T13:35:45,A,ok,,0.94
2026-05-22T13:36:00,A,ok,,0.962
2026-05-22T13:36:15,A,ok,,0.931
2026-05-22T13:36:30,A,ok,,0.949
2026-05-22T13:36:45,A,ok,,0.925
2026-05-22T13:37:00,A,ok,,0.922
2026-05-22T13:37:15,A,ok,,0.946
2026-05-22T13:37:30,A,ok,,0.942
2026-05-22T13:37:45,A,ok,,0.98
2026-05-22T13:38:00,A,ok,,0.934
2026-05-22T13:38:15,A,ok,,0.972
2026-05-22T13:38:30,A,ok,,0.935
2026-05-22T13:38:45,A,ok,,0.945
2026-05-22T13:39:00,A,ok,,0.942
2026-05-22T13:39:15,A,ok,,0.938
2026-05-22T13:39:30,A,ok,,0.96
2026-05-22T13:39:45,A,ok,,0.974
2026-05-22T13:40:00,A,ok,,0.947
2026-05-22T13:40:15,A,ok,,0.97
2026-05-22T13:40:30,A,ok,,0.957
2026-05-22T13:40:45,A,ok,,0.939
2026-05-22T13:41:00,A,ok,,0.959
2026-05-22T13:41:15,A,ok,,0.978
2026-05-22T13:41:30,A,ok,,0.957
2026-05-22T13:41:45,A,ok,,0.981
2026-05-22T13:42:00,A,ok,,0.964
2026-05-22T13:42:15,A,ok,,0.968
2026-05-22T13:42:30,A,defect,scratch,0.944
2026-05-22T13:42:45,A,ok,,0.942
2026-05-22T13:43:00,A,ok,,0.957
2026-05-22T13:43:15,A,ok,,0.959
2026-05-22T13:43:30,A,ok,,0.961
2026-05-22T13:43:45,A,ok,,0.964
2026-05-22T13:44:00,A,ok,,0.947
2026-05-22T13:44:15,A,ok,,0.97
2026-05-22T13:44:30,A,ok,,0.951
2026-05-22T13:44:45,A,ok,,0.986
2026-05-22T13:45:00,A,ok,,0.956
2026-05-22T13:45:15,A,ok,,0.95
2026-05-22T13:45:30,A,ok,,0.97
2026-05-22T13:45:45,A,ok,,0.941
2026-05-22T13:46:00,A,ok,,0.939
2026-05-22T13:46:15,A,ok,,0.973
2026-05-22T13:46:30,A,ok,,0.969
2026-05-22T13:46:45,A,ok,,0.935
2026-05-22T13:47:00,A,ok,,0.956
2026-05-22T13:47:15,A,ok,,0.961
2026-05-22T13:47:30,A,ok,,0.971
2026-05-22T13:47:45,A,ok,,0.932
2026-05-22T13:48:00,A,ok,,0.92
2026-05-22T13:48:15,A,ok,,0.95
2026-05-22T13:48:30,A,ok,,0.985
2026-05-22T13:48:45,A,ok,,0.934
2026-05-22T13:49:00,A,ok,,0.977
2026-05-22T13:49:15,A,ok,,0.968
2026-05-22T13:49:30,A,ok,,0.961
2026-05-22T13:49:45,A,ok,,0.927
2026-05-22T13:50:00,A,ok,,0.957
2026-05-22T13:50:15,A,ok,,0.953
2026-05-22T13:50:30,A,ok,,0.951
2026-05-22T13:50:45,A,ok,,0.927
2026-05-22T13:51:00,A,ok,,0.968
2026-05-22T13:51:15,A,ok,,0.947
2026-05-22T13:51:30,A,ok,,0.941
2026-05-22T13:51:45,A,ok,,0.944
2026-05-22T13:52:00,A,ok,,0.964
2026-05-22T13:52:15,A,ok,,0.926
2026-05-22T13:52:30,A,ok,,0.95
2026-05-22T13:52:45,A,ok,,0.96
2026-05-22T13:53:00,A,defect,bubble,0.876
2026-05-22T13:53:15,A,ok,,0.955
2026-05-22T13:53:30,A,ok,,0.957
2026-05-22T13:53:45,A,ok,,0.985
2026-05-22T13:54:00,A,ok,,0.945
2026-05-22T13:54:15,A,ok,,0.952
2026-05-22T13:54:30,A,ok,,0.929
2026-05-22T13:54:45,A,ok,,0.955
2026-05-22T13:55:00,A,ok,,0.935
2026-05-22T13:55:15,A,defect,crack,0.925
2026-05-22T13:55:30,A,ok,,0.94
2026-05-22T13:55:45,A,ok,,0.93
2026-05-22T13:56:00,A,ok,,0.925
2026-05-22T13:56:15,A,ok,,0.933
2026-05-22T13:56:30,A,ok,,0.964
2026-05-22T13:56:45,A,ok,,0.972
2026-05-22T13:57:00,A,defect,crack,0.913
2026-05-22T13:57:15,A,ok,,0.969
2026-05-22T13:57:30,A,ok,,0.971
2026-05-22T13:57:45,A,ok,,0.931
2026-05-22T13:58:00,A,ok,,0.96
2026-05-22T13:58:15,A,defect,bubble,0.856
2026-05-22T13:58:30,A,defect,crack,0.864
2026-05-22T13:58:45,A,ok,,0.983
2026-05-22T13:59:00,A,ok,,0.961
2026-05-22T13:59:15,A,ok,,0.922
2026-05-22T13:59:30,A,ok,,0.962
2026-05-22T13:59:45,A,ok,,0.957
2026-05-22T14:00:00,A,ok,,0.963
2026-05-22T14:00:15,A,defect,crack,0.915
2026-05-22T14:00:30,A,ok,,0.927
2026-05-22T14:00:45,A,ok,,0.99
2026-05-22T14:01:00,A,defect,bubble,0.961
2026-05-22T14:01:15,A,ok,,0.95
2026-05-22T14:01:30,A,ok,,0.95
2026-05-22T14:01:45,A,ok,,0.982
2026-05-22T14:02:00,A,defect,crack,0.967
2026-05-22T14:02:15,A,ok,,0.944
2026-05-22T14:02:30,A,ok,,0.945
2026-05-22T14:02:45,A,defect,bubble,0.923
2026-05-22T14:03:00,A,defect,crack,0.931
2026-05-22T14:03:15,A,ok,,0.948
2026-05-22T14:03:30,A,defect,bubble,0.963
2026-05-22T14:03:45,A,defect,crack,0.972
2026-05-22T14:04:00,A,ok,,0.933
2026-05-22T14:04:15,A,defect,bubble,0.965
2026-05-22T14:04:30,A,ok,,0.942
2026-05-22T14:04:45,A,ok,,0.935
2026-05-22T14:05:00,A,ok,,0.975
2026-05-22T14:05:15,A,defect,bubble,0.927
2026-05-22T14:05:30,A,ok,,0.958
2026-05-22T14:05:45,A,defect,crack,0.857
2026-05-22T14:06:00,A,ok,,0.939
2026-05-22T14:06:15,A,ok,,0.927
2026-05-22T14:06:30,A,defect,crack,0.88
2026-05-22T14:06:45,A,ok,,0.962
2026-05-22T14:07:00,A,ok,,0.946
2026-05-22T14:07:15,A,ok,,0.962
2026-05-22T14:07:30,A,ok,,0.94
2026-05-22T14:07:45,A,defect,bubble,0.879
2026-05-22T14:08:00,A,ok,,0.946
2026-05-22T14:08:15,A,ok,,0.923
2026-05-22T14:08:30,A,defect,crack,0.859
2026-05-22T14:08:45,A,ok,,0.93
2026-05-22T14:09:00,A,ok,,0.94
2026-05-22T14:09:15,A,ok,,0.955
2026-05-22T14:09:30,A,ok,,0.966
2026-05-22T14:09:45,A,ok,,0.949
2026-05-22T14:10:00,A,ok,,0.968
2026-05-22T14:10:15,A,ok,,0.933
2026-05-22T14:10:30,A,ok,,0.969
2026-05-22T14:10:45,A,ok,,0.932
2026-05-22T14:11:00,A,ok,,0.94
2026-05-22T14:11:15,A,defect,bubble,0.854
2026-05-22T14:11:30,A,ok,,0.984
2026-05-22T14:11:45,A,ok,,0.986
2026-05-22T14:12:00,A,ok,,0.989
2026-05-22T14:12:15,A,ok,,0.989
2026-05-22T14:12:30,A,defect,bubble,0.951
2026-05-22T14:12:45,A,ok,,0.98
2026-05-22T14:13:00,A,ok,,0.961
2026-05-22T14:13:15,A,ok,,0.929
2026-05-22T14:13:30,A,ok,,0.938
2026-05-22T14:13:45,A,defect,crack,0.889
2026-05-22T14:14:00,A,ok,,0.957
2026-05-22T14:14:15,A,ok,,0.96
2026-05-22T14:14:30,A,defect,crack,0.919
2026-05-22T14:14:45,A,ok,,0.973
2026-05-22T14:15:00,A,ok,,0.94
2026-05-22T14:15:15,A,ok,,0.951
2026-05-22T14:15:30,A,ok,,0.941
2026-05-22T14:15:45,A,ok,,0.965
2026-05-22T14:16:00,A,ok,,0.931
2026-05-22T14:16:15,A,ok,,0.952
2026-05-22T14:16:30,A,defect,crack,0.936
2026-05-22T14:16:45,A,ok,,0.968
2026-05-22T14:17:00,A,ok,,0.921
2026-05-22T14:17:15,A,ok,,0.956
2026-05-22T14:17:30,A,ok,,0.961
2026-05-22T14:17:45,A,ok,,0.928
2026-05-22T14:18:00,A,ok,,0.962
2026-05-22T14:18:15,A,ok,,0.972
2026-05-22T14:18:30,A,defect,bubble,0.858
2026-05-22T14:18:45,A,ok,,0.932
2026-05-22T14:19:00,A,ok,,0.96
2026-05-22T14:19:15,A,ok,,0.957
2026-05-22T14:19:30,A,ok,,0.948
2026-05-22T14:19:45,A,ok,,0.925
2026-05-22T14:20:00,A,ok,,0.954
2026-05-22T14:20:15,A,ok,,0.921
2026-05-22T14:20:30,A,ok,,0.988
2026-05-22T14:20:45,A,ok,,0.986
2026-05-22T14:21:00,A,ok,,0.944
2026-05-22T14:21:15,A,defect,bubble,0.879
2026-05-22T14:21:30,A,ok,,0.952
2026-05-22T14:21:45,A,ok,,0.931
2026-05-22T14:22:00,A,ok,,0.928
2026-05-22T14:22:15,A,ok,,0.934
2026-05-22T14:22:30,A,ok,,0.973
2026-05-22T14:22:45,A,ok,,0.982
2026-05-22T14:23:00,A,ok,,0.971
2026-05-22T14:23:15,A,ok,,0.931
2026-05-22T14:23:30,A,ok,,0.949
2026-05-22T14:23:45,A,ok,,0.982
2026-05-22T14:24:00,A,ok,,0.945
2026-05-22T14:24:15,A,ok,,0.988
2026-05-22T14:24:30,A,defect,crack,0.986
2026-05-22T14:24:45,A,ok,,0.987
2026-05-22T14:25:00,A,ok,,0.963
2026-05-22T14:25:15,A,ok,,0.97
2026-05-22T14:25:30,A,ok,,0.958
2026-05-22T14:25:45,A,ok,,0.957
2026-05-22T14:26:00,A,ok,,0.941
2026-05-22T14:26:15,A,ok,,0.987
2026-05-22T14:26:30,A,ok,,0.92
2026-05-22T14:26:45,A,ok,,0.93
2026-05-22T14:27:00,A,ok,,0.979
2026-05-22T14:27:15,A,ok,,0.928
2026-05-22T14:27:30,A,ok,,0.961
2026-05-22T14:27:45,A,ok,,0.927
2026-05-22T14:28:00,A,ok,,0.961
2026-05-22T14:28:15,A,ok,,0.958
2026-05-22T14:28:30,A,ok,,0.959
2026-05-22T14:28:45,A,defect,scratch,0.895
2026-05-22T14:29:00,A,ok,,0.963
2026-05-22T14:29:15,A,ok,,0.955
2026-05-22T14:29:30,A,ok,,0.96
2026-05-22T14:29:45,A,ok,,0.933
2026-05-22T14:30:00,A,ok,,0.947
2026-05-22T14:30:15,A,ok,,0.958
2026-05-22T14:30:30,A,ok,,0.921
2026-05-22T14:30:45,A,ok,,0.931
2026-05-22T14:31:00,A,ok,,0.983
2026-05-22T14:31:15,A,ok,,0.951
2026-05-22T14:31:30,A,ok,,0.924
2026-05-22T14:31:45,A,ok,,0.939
2026-05-22T14:32:00,A,ok,,0.982
2026-05-22T14:32:15,A,ok,,0.938
2026-05-22T14:32:30,A,ok,,0.943
2026-05-22T14:32:45,A,ok,,0.936
2026-05-22T14:33:00,A,ok,,0.983
2026-05-22T14:33:15,A,ok,,0.957
2026-05-22T14:33:30,A,ok,,0.953
2026-05-22T14:33:45,A,ok,,0.957
2026-05-22T14:34:00,A,ok,,0.97
2026-05-22T14:34:15,A,ok,,0.931
2026-05-22T14:34:30,A,ok,,0.972
2026-05-22T14:34:45,A,ok,,0.929
2026-05-22T14:35:00,A,ok,,0.984
2026-05-22T14:35:15,A,ok,,0.978
2026-05-22T14:35:30,A,ok,,0.98
2026-05-22T14:35:45,A,ok,,0.933
2026-05-22T14:36:00,A,ok,,0.948
2026-05-22T14:36:15,A,ok,,0.985
2026-05-22T14:36:30,A,ok,,0.931
2026-05-22T14:36:45,A,ok,,0.984
2026-05-22T14:37:00,A,ok,,0.921
2026-05-22T14:37:15,A,ok,,0.943
2026-05-22T14:37:30,A,ok,,0.954
2026-05-22T14:37:45,A,ok,,0.982
2026-05-22T14:38:00,A,ok,,0.956
2026-05-22T14:38:15,A,ok,,0.956
2026-05-22T14:38:30,A,ok,,0.934
2026-05-22T14:38:45,A,ok,,0.983
2026-05-22T14:39:00,A,ok,,0.986
2026-05-22T14:39:15,A,ok,,0.94
2026-05-22T14:39:30,A,ok,,0.986
2026-05-22T14:39:45,A,ok,,0.988
2026-05-22T14:40:00,A,ok,,0.959
2026-05-22T14:40:15,A,ok,,0.986
2026-05-22T14:40:30,A,ok,,0.971
2026-05-22T14:40:45,A,ok,,0.927
2026-05-22T14:41:00,A,ok,,0.943
2026-05-22T14:41:15,A,ok,,0.975
2026-05-22T14:41:30,A,ok,,0.974
2026-05-22T14:41:45,A,ok,,0.99
2026-05-22T14:42:00,A,ok,,0.938
2026-05-22T14:42:15,A,ok,,0.983
2026-05-22T14:42:30,A,ok,,0.976
2026-05-22T14:42:45,A,ok,,0.932
2026-05-22T14:43:00,A,ok,,0.968
2026-05-22T14:43:15,A,ok,,0.94
2026-05-22T14:43:30,A,ok,,0.93
2026-05-22T14:43:45,A,ok,,0.942
2026-05-22T14:44:00,A,ok,,0.963
2026-05-22T14:44:15,A,ok,,0.956
2026-05-22T14:44:30,A,ok,,0.938
2026-05-22T14:44:45,A,ok,,0.959
2026-05-22T14:45:00,A,ok,,0.956
2026-05-22T14:45:15,A,ok,,0.953
2026-05-22T14:45:30,A,ok,,0.937
2026-05-22T14:45:45,A,ok,,0.968
2026-05-22T14:46:00,A,ok,,0.925
2026-05-22T14:46:15,A,ok,,0.939
2026-05-22T14:46:30,A,ok,,0.975
2026-05-22T14:46:45,A,ok,,0.987
2026-05-22T14:47:00,A,ok,,0.984
2026-05-22T14:47:15,A,ok,,0.975
2026-05-22T14:47:30,A,ok,,0.939
2026-05-22T14:47:45,A,ok,,0.966
2026-05-22T14:48:00,A,ok,,0.94
2026-05-22T14:48:15,A,ok,,0.984
2026-05-22T14:48:30,A,ok,,0.948
2026-05-22T14:48:45,A,ok,,0.958
2026-05-22T14:49:00,A,ok,,0.933
2026-05-22T14:49:15,A,ok,,0.949
2026-05-22T14:49:30,A,ok,,0.975
2026-05-22T14:49:45,A,ok,,0.94
2026-05-22T14:50:00,A,ok,,0.967
2026-05-22T14:50:15,A,ok,,0.969
2026-05-22T14:50:30,A,ok,,0.958
2026-05-22T14:50:45,A,ok,,0.965
2026-05-22T14:51:00,A,defect,scratch,0.865
2026-05-22T14:51:15,A,ok,,0.932
2026-05-22T14:51:30,A,ok,,0.927
2026-05-22T14:51:45,A,ok,,0.941
2026-05-22T14:52:00,A,ok,,0.953
2026-05-22T14:52:15,A,ok,,0.985
2026-05-22T14:52:30,A,ok,,0.951
2026-05-22T14:52:45,A,ok,,0.985
2026-05-22T14:53:00,A,ok,,0.923
2026-05-22T14:53:15,A,ok,,0.941
2026-05-22T14:53:30,A,ok,,0.986
2026-05-22T14:53:45,A,ok,,0.933
2026-05-22T14:54:00,A,ok,,0.951
2026-05-22T14:54:15,A,defect,scratch,0.88
2026-05-22T14:54:30,A,ok,,0.926
2026-05-22T14:54:45,A,ok,,0.936
2026-05-22T14:55:00,A,ok,,0.981
2026-05-22T14:55:15,A,ok,,0.941
2026-05-22T14:55:30,A,ok,,0.93
2026-05-22T14:55:45,A,ok,,0.927
2026-05-22T14:56:00,A,ok,,0.925
2026-05-22T14:56:15,A,ok,,0.985
2026-05-22T14:56:30,A,ok,,0.978
2026-05-22T14:56:45,A,ok,,0.985
2026-05-22T14:57:00,A,ok,,0.959
2026-05-22T14:57:15,A,ok,,0.988
2026-05-22T14:57:30,A,ok,,0.958
2026-05-22T14:57:45,A,ok,,0.93
2026-05-22T14:58:00,A,ok,,0.982
2026-05-22T14:58:15,A,ok,,0.972
2026-05-22T14:58:30,A,ok,,0.982
2026-05-22T14:58:45,A,ok,,0.925
2026-05-22T14:59:00,A,ok,,0.935
2026-05-22T14:59:15,A,ok,,0.972
2026-05-22T14:59:30,A,ok,,0.985
2026-05-22T14:59:45,A,ok,,0.987
