recorded_at,line_id,mold_temp,injection_pressure,injection_speed,cooling_time,humidity,ambient_temp
2026-05-22T09:00:00,A,75.99,89.59,61.94,22.28,49.3,23.77
2026-05-22T09:00:15,A,78.16,92.3,58.59,20.81,48.61,23.53
2026-05-22T09:00:30,A,71.55,88.31,56.96,20.47,47.28,22.59
2026-05-22T09:00:45,A,75.14,85.73,58.37,20.17,46.55,24.38
2026-05-22T09:01:00,A,73.8,89.12,58.19,22.78,49.96,22.94
2026-05-22T09:01:15,A,76.65,86.34,60.63,17.06,46.02,24.2
2026-05-22T09:01:30,A,76.48,90.51,59.65,19.55,45.56,23.28
2026-05-22T09:01:45,A,75.69,84.71,60.97,19.42,47.97,24.61
2026-05-22T09:02:00,A,77.06,92.79,57.48,19.54,50.99,24.98
2026-05-22T09:02:15,A,72.79,86.41,62.44,22.03,49.78,25.0
2026-05-22T09:02:30,A,75.72,94.61,59.89,22.35,42.14,24.82
2026-05-22T09:02:45,A,75.17,89.1,60.28,17.02,49.34,24.36
2026-05-22T09:03:00,A,73.38,88.49,62.75,20.49,48.41,24.51
2026-05-22T09:03:15,A,73.6,89.02,58.82,17.8,50.89,24.26
2026-05-22T09:03:30,A,72.17,88.74,58.97,18.8,49.52,24.4
2026-05-22T09:03:45,A,75.52,89.78,54.24,19.96,50.18,26.46
2026-05-22T09:04:00,A,74.62,90.9,59.9,18.25,53.43,24.75
2026-05-22T09:04:15,A,77.81,85.79,61.76,23.29,47.03,23.43
2026-05-22T09:04:30,A,71.9,90.21,56.81,20.71,47.24,25.55
2026-05-22T09:04:45,A,73.43,89.03,62.44,18.15,50.68,25.31
2026-05-22T09:05:00,A,75.52,92.35,56.29,18.02,51.57,24.3
2026-05-22T09:05:15,A,73.64,90.7,60.88,18.93,55.6,24.47
2026-05-22T09:05:30,A,73.05,92.36,63.48,18.77,52.89,24.41
2026-05-22T09:05:45,A,74.51,87.74,57.33,18.78,49.77,24.34
2026-05-22T09:06:00,A,75.03,94.36,59.21,24.08,51.88,23.14
2026-05-22T09:06:15,A,72.86,91.45,59.33,21.07,51.42,23.93
2026-05-22T09:06:30,A,73.31,85.46,58.66,21.28,50.64,22.75
2026-05-22T09:06:45,A,73.23,90.46,60.17,18.29,51.07,24.56
2026-05-22T09:07:00,A,72.24,87.19,61.55,20.77,51.55,27.85
2026-05-22T09:07:15,A,76.91,91.95,59.05,21.14,47.68,23.76
2026-05-22T09:07:30,A,79.63,84.4,62.06,17.58,48.58,25.09
2026-05-22T09:07:45,A,73.57,92.04,57.81,20.32,50.14,23.35
2026-05-22T09:08:00,A,70.95,90.56,58.01,21.28,47.62,23.89
2026-05-22T09:08:15,A,76.01,92.6,56.4,19.5,48.58,23.35
2026-05-22T09:08:30,A,72.48,92.75,66.37,21.55,45.44,23.52
2026-05-22T09:08:45,A,75.89,92.32,57.22,19.91,40.28,22.98
2026-05-22T09:09:00,A,78.26,85.71,58.68,20.2,54.32,22.56
2026-05-22T09:09:15,A,73.04,91.39,60.6,19.1,50.21,23.61
2026-05-22T09:09:30,A,78.17,86.29,66.4,17.07,49.54,24.59
2026-05-22T09:09:45,A,75.56,88.13,59.38,19.26,48.23,24.85
2026-05-22T09:10:00,A,76.8,90.92,62.44,20.94,47.51,23.44
2026-05-22T09:10:15,A,74.96,90.35,63.83,19.11,51.64,23.8
2026-05-22T09:10:30,A,76.65,92.44,63.92,20.03,52.05,23.69
2026-05-22T09:10:45,A,75.65,89.61,60.29,20.89,47.55,26.09
2026-05-22T09:11:00,A,77.32,92.37,61.87,20.94,49.96,23.1
2026-05-22T09:11:15,A,76.95,89.56,57.52,19.52,51.24,23.44
2026-05-22T09:11:30,A,75.49,88.48,58.59,20.35,45.66,22.59
2026-05-22T09:11:45,A,73.56,89.36,60.93,22.21,52.57,23.84
2026-05-22T09:12:00,A,74.96,89.13,60.97,18.76,51.56,25.53
2026-05-22T09:12:15,A,76.38,88.8,60.67,20.02,50.29,23.23
2026-05-22T09:12:30,A,77.9,92.88,66.46,18.85,52.62,24.18
2026-05-22T09:12:45,A,79.38,87.58,57.48,19.1,43.63,23.47
2026-05-22T09:13:00,A,75.68,95.63,62.85,19.13,47.3,24.49
2026-05-22T09:13:15,A,72.36,95.49,63.54,19.3,44.86,25.35
2026-05-22T09:13:30,A,74.77,93.71,55.22,19.1,50.02,24.05
2026-05-22T09:13:45,A,74.1,91.87,56.8,19.79,50.36,24.51
2026-05-22T09:14:00,A,71.93,93.83,61.0,18.88,54.65,24.12
2026-05-22T09:14:15,A,79.12,95.27,59.25,21.46,51.94,25.37
2026-05-22T09:14:30,A,77.12,84.72,56.45,16.94,49.19,24.72
2026-05-22T09:14:45,A,78.26,85.86,54.89,19.92,51.15,23.97
2026-05-22T09:15:00,A,72.39,92.01,61.1,18.59,48.46,22.94
2026-05-22T09:15:15,A,73.03,91.51,58.41,18.81,49.68,22.96
2026-05-22T09:15:30,A,78.93,90.11,57.9,20.32,49.66,23.78
2026-05-22T09:15:45,A,73.94,88.27,59.17,16.55,45.45,25.37
2026-05-22T09:16:00,A,76.15,90.93,69.24,21.68,49.62,23.04
2026-05-22T09:16:15,A,73.49,85.73,58.06,18.38,55.06,24.88
2026-05-22T09:16:30,A,75.15,87.42,64.57,20.81,46.89,23.81
2026-05-22T09:16:45,A,76.85,95.73,55.8,20.84,48.05,23.51
2026-05-22T09:17:00,A,75.1,87.51,60.81,19.92,49.28,23.09
2026-05-22T09:17:15,A,73.85,92.27,61.5,18.53,50.3,24.75
2026-05-22T09:17:30,A,73.67,91.71,57.71,17.29,45.12,24.05
2026-05-22T09:17:45,A,76.28,85.02,59.8,18.18,48.04,24.05
2026-05-22T09:18:00,A,77.01,88.27,62.51,18.31,51.59,25.44
2026-05-22T09:18:15,A,76.15,89.39,61.11,19.09,50.26,23.84
2026-05-22T09:18:30,A,75.68,88.76,58.54,19.35,51.18,23.58
2026-05-22T09:18:45,A,76.74,89.02,63.6,19.39,43.89,22.99
2026-05-22T09:19:00,A,75.04,95.03,60.98,19.67,52.49,21.79
2026-05-22T09:19:15,A,72.04,93.43,61.02,19.38,51.9,26.27
2026-05-22T09:19:30,A,74.08,87.45,62.49,18.72,50.21,23.52
2026-05-22T09:19:45,A,77.08,88.47,59.19,18.53,48.67,24.38
2026-05-22T09:20:00,A,76.74,94.07,61.24,22.82,47.68,22.76
2026-05-22T09:20:15,A,71.44,94.49,61.96,19.92,50.84,22.87
2026-05-22T09:20:30,A,75.22,92.18,61.44,20.34,47.63,24.47
2026-05-22T09:20:45,A,78.19,88.47,57.03,19.81,50.17,25.09
2026-05-22T09:21:00,A,74.68,88.72,56.96,17.52,52.47,24.07
2026-05-22T09:21:15,A,74.33,95.01,59.22,17.75,49.26,23.73
2026-05-22T09:21:30,A,74.54,92.09,65.55,21.69,49.19,22.89
2026-05-22T09:21:45,A,80.15,90.18,60.04,19.96,50.59,23.86
2026-05-22T09:22:00,A,74.93,88.37,57.86,20.16,49.24,25.5
2026-05-22T09:22:15,A,77.49,83.78,58.97,19.44,45.78,23.22
2026-05-22T09:22:30,A,76.87,93.81,62.17,18.31,48.43,24.49
2026-05-22T09:22:45,A,74.52,88.88,62.13,20.67,48.92,25.16
2026-05-22T09:23:00,A,76.19,89.07,60.98,18.12,52.77,23.82
2026-05-22T09:23:15,A,73.59,85.77,55.33,20.91,46.16,25.75
2026-05-22T09:23:30,A,75.42,89.71,58.37,20.6,49.89,25.1
2026-05-22T09:23:45,A,74.27,89.83,60.92,17.43,45.96,24.74
2026-05-22T09:24:00,A,75.04,91.04,58.38,18.83,50.59,23.02
2026-05-22T09:24:15,A,77.06,91.42,60.77,21.47,55.0,25.01
2026-05-22T09:24:30,A,71.32,86.16,58.13,20.04,51.55,23.27
2026-05-22T09:24:45,A,73.78,85.78,57.23,17.97,47.07,25.05
2026-05-22T09:25:00,A,75.99,90.55,57.42,21.05,48.27,24.12
2026-05-22T09:25:15,A,77.3,87.89,59.9,22.66,48.12,25.81
2026-05-22T09:25:30,A,76.26,92.92,61.87,17.64,47.82,23.75
2026-05-22T09:25:45,A,74.85,91.86,60.53,18.0,51.14,24.61
2026-05-22T09:26:00,A,76.67,91.38,59.79,17.51,51.29,24.21
2026-05-22T09:26:15,A,72.84,93.16,59.88,21.02,50.08,24.03
2026-05-22T09:26:30,A,75.19,88.61,58.7,19.54,50.67,23.52
2026-05-22T09:26:45,A,74.63,88.68,64.34,20.29,53.1,22.51
2026-05-22T09:27:00,A,75.16,93.2,58.45,22.11,56.9,23.64
2026-05-22T09:27:15,A,74.11,94.36,64.74,19.22,48.74,23.72
2026-05-22T09:27:30,A,72.99,87.7,59.9,20.35,54.65,23.0
2026-05-22T09:27:45,A,76.97,89.36,59.85,21.01,46.63,24.38
2026-05-22T09:28:00,A,75.33,91.48,60.87,23.68,48.09,23.47
2026-05-22T09:28:15,A,73.73,93.57,64.26,19.14,47.5,24.47
2026-05-22T09:28:30,A,75.41,85.45,64.64,22.69,48.16,23.61
2026-05-22T09:28:45,A,75.57,91.0,61.98,23.02,49.47,23.2
2026-05-22T09:29:00,A,74.93,95.38,58.45,20.34,49.95,25.19
2026-05-22T09:29:15,A,74.02,93.13,62.05,22.77,51.75,23.64
2026-05-22T09:29:30,A,76.64,91.52,63.2,21.75,54.15,24.65
2026-05-22T09:29:45,A,74.67,90.44,63.62,18.77,51.11,23.61
2026-05-22T09:30:00,A,75.38,90.14,55.92,21.12,51.94,26.16
2026-05-22T09:30:15,A,75.5,94.73,59.71,20.42,51.82,24.19
2026-05-22T09:30:30,A,74.11,90.58,63.22,18.46,50.4,23.3
2026-05-22T09:30:45,A,73.88,91.13,64.7,19.9,48.33,25.88
2026-05-22T09:31:00,A,72.1,83.4,61.32,19.25,46.94,24.71
2026-05-22T09:31:15,A,72.44,92.62,61.95,19.85,55.54,22.93
2026-05-22T09:31:30,A,74.91,90.73,59.28,20.53,46.25,25.44
2026-05-22T09:31:45,A,75.69,91.37,61.71,20.67,51.93,25.33
2026-05-22T09:32:00,A,75.39,92.13,59.73,22.16,47.97,25.8
2026-05-22T09:32:15,A,75.26,87.96,62.52,19.02,48.66,22.11
2026-05-22T09:32:30,A,74.1,82.73,55.25,21.14,52.36,24.43
2026-05-22T09:32:45,A,73.07,89.86,59.99,18.26,54.51,24.88
2026-05-22T09:33:00,A,75.42,83.87,59.26,18.98,47.0,23.72
2026-05-22T09:33:15,A,73.86,91.72,64.2,21.39,50.18,23.35
2026-05-22T09:33:30,A,76.79,91.91,63.15,19.2,53.95,24.2
2026-05-22T09:33:45,A,78.47,90.59,58.05,19.27,49.04,24.42
2026-05-22T09:34:00,A,76.05,88.28,59.93,23.21,55.18,24.44
2026-05-22T09:34:15,A,75.08,90.36,61.84,18.47,49.23,22.33
2026-05-22T09:34:30,A,74.03,94.72,56.32,17.8,50.67,25.05
2026-05-22T09:34:45,A,77.16,89.88,59.48,21.33,51.96,22.42
2026-05-22T09:35:00,A,77.95,94.14,58.12,20.59,51.48,24.26
2026-05-22T09:35:15,A,74.95,93.52,61.63,19.44,52.32,21.15
2026-05-22T09:35:30,A,74.28,86.64,56.12,21.74,48.6,24.35
2026-05-22T09:35:45,A,75.15,86.15,62.99,19.26,45.33,23.57
2026-05-22T09:36:00,A,74.3,88.95,59.04,23.12,51.15,24.43
2026-05-22T09:36:15,A,74.48,89.41,59.79,19.94,52.18,24.05
2026-05-22T09:36:30,A,76.47,89.76,60.24,17.0,52.75,24.35
2026-05-22T09:36:45,A,79.18,89.58,63.32,18.44,51.84,22.95
2026-05-22T09:37:00,A,73.75,95.74,59.43,20.33,52.61,24.5
2026-05-22T09:37:15,A,79.81,89.83,60.6,21.58,53.32,25.19
2026-05-22T09:37:30,A,78.27,86.56,60.91,18.87,49.81,24.33
2026-05-22T09:37:45,A,78.23,91.36,59.27,21.45,53.57,22.77
2026-05-22T09:38:00,A,74.4,94.13,59.55,20.19,49.48,24.02
2026-05-22T09:38:15,A,78.19,87.46,57.03,16.77,48.08,22.68
2026-05-22T09:38:30,A,78.28,93.03,57.94,23.38,52.95,23.68
2026-05-22T09:38:45,A,72.22,85.06,63.07,23.66,54.15,24.56
2026-05-22T09:39:00,A,76.52,90.84,60.31,19.91,47.74,23.72
2026-05-22T09:39:15,A,73.02,86.69,60.54,22.09,52.75,22.43
2026-05-22T09:39:30,A,73.04,89.33,61.65,18.55,50.32,22.67
2026-05-22T09:39:45,A,71.81,91.32,59.94,20.83,50.67,25.36
2026-05-22T09:40:00,A,75.24,91.63,60.15,20.06,47.89,23.34
2026-05-22T09:40:15,A,72.51,87.92,57.84,21.34,49.12,25.25
2026-05-22T09:40:30,A,73.33,96.44,56.44,20.46,51.9,24.41
2026-05-22T09:40:45,A,75.09,89.56,62.89,23.32,48.33,22.63
2026-05-22T09:41:00,A,73.39,94.92,65.03,19.17,51.71,25.63
2026-05-22T09:41:15,A,73.84,86.96,58.05,18.16,50.1,23.23
2026-05-22T09:41:30,A,75.47,85.33,60.99,21.25,44.02,24.37
2026-05-22T09:41:45,A,78.35,91.26,57.88,19.92,51.67,24.08
2026-05-22T09:42:00,A,73.59,89.67,57.29,18.9,53.71,25.09
2026-05-22T09:42:15,A,74.62,89.05,63.64,20.21,56.96,24.39
2026-05-22T09:42:30,A,76.26,92.12,62.87,18.82,46.01,22.16
2026-05-22T09:42:45,A,77.51,97.48,59.98,21.26,50.25,23.9
2026-05-22T09:43:00,A,78.16,88.0,62.98,19.74,47.73,24.54
2026-05-22T09:43:15,A,79.63,91.42,59.92,21.23,54.17,24.56
2026-05-22T09:43:30,A,78.94,88.17,59.44,20.08,51.59,23.93
2026-05-22T09:43:45,A,79.02,89.57,56.37,20.9,54.59,25.22
2026-05-22T09:44:00,A,82.16,90.45,58.99,19.08,49.09,23.61
2026-05-22T09:44:15,A,81.81,93.57,62.85,17.77,42.34,24.93
2026-05-22T09:44:30,A,81.86,86.49,54.59,20.81,52.28,23.42
2026-05-22T09:44:45,A,82.25,91.18,55.56,20.28,49.95,24.58
2026-05-22T09:45:00,A,83.34,89.92,57.2,19.34,47.35,23.83
2026-05-22T09:45:15,A,85.68,89.37,57.99,21.56,48.18,25.83
2026-05-22T09:45:30,A,84.31,92.23,60.9,21.95,54.68,24.03
2026-05-22T09:45:45,A,87.64,90.41,58.9,20.28,45.96,23.03
2026-05-22T09:46:00,A,86.87,93.56,62.16,21.49,47.73,22.58
2026-05-22T09:46:15,A,88.37,91.67,61.37,23.25,48.07,24.93
2026-05-22T09:46:30,A,88.26,91.61,63.22,19.45,47.48,22.96
2026-05-22T09:46:45,A,88.24,89.17,60.92,21.22,52.58,23.42
2026-05-22T09:47:00,A,89.45,89.25,64.82,20.74,52.2,24.66
2026-05-22T09:47:15,A,90.27,88.05,58.41,20.88,53.71,24.02
2026-05-22T09:47:30,A,93.19,91.7,54.72,21.13,51.14,25.29
2026-05-22T09:47:45,A,91.08,87.45,58.26,20.88,55.01,24.39
2026-05-22T09:48:00,A,91.39,89.6,60.04,18.82,51.94,23.88
2026-05-22T09:48:15,A,93.08,88.88,65.18,19.4,50.67,24.93
2026-05-22T09:48:30,A,93.89,88.34,67.67,19.15,50.55,25.54
2026-05-22T09:48:45,A,93.54,91.78,62.34,19.17,47.55,24.0
2026-05-22T09:49:00,A,93.43,90.27,64.43,18.29,49.42,23.28
2026-05-22T09:49:15,A,94.27,91.89,56.93,22.78,53.66,24.58
2026-05-22T09:49:30,A,93.63,95.65,64.63,19.27,46.64,24.14
2026-05-22T09:49:45,A,91.3,85.22,61.54,19.2,46.49,21.13
2026-05-22T09:50:00,A,94.66,94.98,58.63,19.1,51.41,23.0
2026-05-22T09:50:15,A,91.62,89.39,57.37,18.76,49.32,24.37
2026-05-22T09:50:30,A,91.16,89.94,57.76,16.36,52.65,24.74
2026-05-22T09:50:45,A,91.22,91.55,55.31,19.21,52.38,22.75
2026-05-22T09:51:00,A,90.83,85.15,63.49,18.9,47.57,24.2
2026-05-22T09:51:15,A,91.01,92.08,60.53,19.45,47.52,24.09
2026-05-22T09:51:30,A,91.2,82.91,56.97,20.93,56.17,24.02
2026-05-22T09:51:45,A,89.37,87.6,58.55,18.57,50.37,25.62
2026-05-22T09:52:00,A,88.17,92.65,59.77,19.73,59.58,24.3
2026-05-22T09:52:15,A,89.56,85.69,62.76,19.0,55.62,25.08
2026-05-22T09:52:30,A,90.02,91.45,57.46,19.03,53.09,23.67
2026-05-22T09:52:45,A,87.93,91.27,66.19,18.4,50.07,25.41
2026-05-22T09:53:00,A,89.03,89.44,62.96,21.78,57.77,24.58
2026-05-22T09:53:15,A,88.66,89.11,60.51,21.98,46.98,25.14
2026-05-22T09:53:30,A,87.43,93.89,59.93,18.5,48.49,24.84
2026-05-22T09:53:45,A,87.36,87.23,64.85,19.52,53.65,25.52
2026-05-22T09:54:00,A,87.44,87.29,60.97,18.23,53.56,23.54
2026-05-22T09:54:15,A,87.77,88.58,62.61,17.98,50.38,25.94
2026-05-22T09:54:30,A,87.08,91.05,61.47,20.95,53.33,24.41
2026-05-22T09:54:45,A,86.48,87.08,63.32,19.82,43.48,24.85
2026-05-22T09:55:00,A,86.24,91.0,60.57,21.06,48.69,24.51
2026-05-22T09:55:15,A,85.11,93.26,58.39,21.21,51.1,25.84
2026-05-22T09:55:30,A,85.46,92.4,55.15,18.42,46.8,24.95
2026-05-22T09:55:45,A,85.38,89.49,60.21,21.74,47.22,24.24
2026-05-22T09:56:00,A,85.7,90.57,63.0,15.95,52.03,23.35
2026-05-22T09:56:15,A,84.78,92.86,64.84,21.97,54.92,24.74
2026-05-22T09:56:30,A,83.79,96.51,59.47,20.18,51.65,24.04
2026-05-22T09:56:45,A,83.61,86.04,58.16,19.94,48.71,23.31
2026-05-22T09:57:00,A,83.98,85.49,62.28,20.12,45.63,23.69
2026-05-22T09:57:15,A,81.91,90.35,59.52,21.01,50.64,23.25
2026-05-22T09:57:30,A,83.52,95.7,59.82,18.94,45.46,22.2
2026-05-22T09:57:45,A,81.64,92.69,58.55,20.22,54.84,24.9
2026-05-22T09:58:00,A,82.21,89.37,57.04,19.8,50.23,23.78
2026-05-22T09:58:15,A,81.56,94.23,59.7,20.03,52.12,24.23
2026-05-22T09:58:30,A,82.73,86.57,60.33,19.95,49.38,23.87
2026-05-22T09:58:45,A,82.24,86.92,63.8,18.7,52.91,24.43
2026-05-22T09:59:00,A,82.72,93.0,57.99,22.09,49.25,24.29
2026-05-22T09:59:15,A,82.31,84.75,63.91,17.51,53.1,25.13
2026-05-22T09:59:30,A,81.02,89.08,62.34,21.97,54.19,23.44
2026-05-22T09:59:45,A,81.91,94.85,56.3,19.11,49.92,24.28
2026-05-22T10:00:00,A,80.65,91.64,60.02,19.35,49.67,23.91
2026-05-22T10:00:15,A,80.12,94.8,61.68,19.56,52.09,23.67
2026-05-22T10:00:30,A,80.55,85.29,56.62,18.21,50.43,25.73
2026-05-22T10:00:45,A,78.02,88.37,57.64,19.07,49.5,23.53
2026-05-22T10:01:00,A,80.28,86.78,60.72,23.11,47.24,21.47
2026-05-22T10:01:15,A,80.35,95.88,56.31,20.75,48.6,23.89
2026-05-22T10:01:30,A,79.43,93.26,60.29,20.46,48.83,24.27
2026-05-22T10:01:45,A,79.06,89.91,63.38,19.92,44.68,25.26
2026-05-22T10:02:00,A,79.77,83.59,69.41,21.58,50.67,23.95
2026-05-22T10:02:15,A,78.67,90.27,59.41,19.77,49.42,25.13
2026-05-22T10:02:30,A,74.89,91.97,60.58,19.97,48.83,25.12
2026-05-22T10:02:45,A,76.58,85.86,58.12,21.29,52.86,24.51
2026-05-22T10:03:00,A,77.78,88.08,61.3,21.2,52.26,25.19
2026-05-22T10:03:15,A,76.96,87.35,59.51,18.88,47.97,23.86
2026-05-22T10:03:30,A,76.91,90.0,57.55,20.99,52.81,22.39
2026-05-22T10:03:45,A,77.25,89.42,59.21,16.99,51.91,22.76
2026-05-22T10:04:00,A,74.82,80.94,60.55,22.7,53.72,24.21
2026-05-22T10:04:15,A,76.33,91.52,63.18,24.14,51.18,23.49
2026-05-22T10:04:30,A,75.16,88.43,60.46,18.77,53.36,24.0
2026-05-22T10:04:45,A,74.96,90.47,62.48,18.7,48.03,23.7
2026-05-22T10:05:00,A,75.87,90.79,60.58,21.28,49.59,24.39
2026-05-22T10:05:15,A,74.79,82.68,59.6,22.13,52.78,24.97
2026-05-22T10:05:30,A,77.47,90.27,60.59,19.07,49.05,24.62
2026-05-22T10:05:45,A,77.41,90.0,61.8,17.83,43.11,23.45
2026-05-22T10:06:00,A,72.56,88.64,64.36,20.49,50.9,24.62
2026-05-22T10:06:15,A,72.72,92.01,56.78,17.67,52.45,24.38
2026-05-22T10:06:30,A,73.2,86.43,64.93,18.65,51.92,23.67
2026-05-22T10:06:45,A,76.21,90.12,56.99,21.11,48.46,23.77
2026-05-22T10:07:00,A,73.01,97.24,62.35,19.97,49.21,24.02
2026-05-22T10:07:15,A,76.09,92.15,62.15,20.66,50.06,24.67
2026-05-22T10:07:30,A,76.18,90.31,64.65,18.14,45.6,24.16
2026-05-22T10:07:45,A,75.1,90.52,60.73,19.67,54.47,22.4
2026-05-22T10:08:00,A,73.34,89.69,55.07,19.74,54.98,24.02
2026-05-22T10:08:15,A,75.46,86.22,58.15,19.44,49.05,25.28
2026-05-22T10:08:30,A,76.12,91.49,63.42,22.37,46.95,23.19
2026-05-22T10:08:45,A,72.48,92.96,59.77,19.52,50.46,23.16
2026-05-22T10:09:00,A,79.18,85.18,60.55,23.04,50.02,23.81
2026-05-22T10:09:15,A,74.29,83.36,64.6,17.86,49.2,23.57
2026-05-22T10:09:30,A,76.18,85.21,61.39,23.04,45.91,24.19
2026-05-22T10:09:45,A,73.68,91.28,60.06,19.04,51.46,25.8
2026-05-22T10:10:00,A,74.62,87.13,61.42,22.23,51.07,23.69
2026-05-22T10:10:15,A,75.0,86.25,61.81,21.32,48.64,23.53
2026-05-22T10:10:30,A,75.53,96.3,59.26,19.46,48.06,24.74
2026-05-22T10:10:45,A,74.64,88.05,63.96,22.13,48.2,22.13
2026-05-22T10:11:00,A,77.02,84.09,62.68,18.18,52.19,24.01
2026-05-22T10:11:15,A,73.09,88.78,62.06,20.16,51.75,25.98
2026-05-22T10:11:30,A,71.87,87.3,56.01,19.72,52.76,23.87
2026-05-22T10:11:45,A,78.02,86.24,61.09,21.33,48.74,21.4
2026-05-22T10:12:00,A,75.4,93.71,56.79,21.02,53.58,22.22
2026-05-22T10:12:15,A,75.64,91.04,58.54,18.99,50.1,22.91
2026-05-22T10:12:30,A,72.83,92.04,56.55,21.0,51.39,22.27
2026-05-22T10:12:45,A,73.64,88.61,61.39,21.18,49.25,23.4
2026-05-22T10:13:00,A,77.84,90.26,57.58,18.75,51.57,24.42
2026-05-22T10:13:15,A,77.8,91.95,55.49,21.58,47.01,23.62
2026-05-22T10:13:30,A,75.5,91.82,59.45,20.8,52.66,23.68
2026-05-22T10:13:45,A,78.59,92.0,61.26,21.26,48.15,23.44
2026-05-22T10:14:00,A,72.8,91.32,62.34,20.69,55.02,23.99
2026-05-22T10:14:15,A,76.34,92.09,62.55,19.56,49.79,22.48
2026-05-22T10:14:30,A,74.29,91.5,60.15,20.01,48.02,24.7
2026-05-22T10:14:45,A,75.84,83.54,63.29,19.28,47.41,24.69
2026-05-22T10:15:00,A,74.22,92.05,55.9,21.82,50.78,23.63
2026-05-22T10:15:15,A,75.29,86.91,55.94,17.72,53.34,23.37
2026-05-22T10:15:30,A,78.07,88.39,54.88,18.33,53.71,23.84
2026-05-22T10:15:45,A,73.9,93.35,64.35,19.46,46.02,23.59
2026-05-22T10:16:00,A,75.52,91.03,59.85,20.05,47.72,23.77
2026-05-22T10:16:15,A,73.15,84.46,57.21,17.76,48.05,23.92
2026-05-22T10:16:30,A,72.1,90.62,60.21,18.92,50.53,23.45
2026-05-22T10:16:45,A,74.46,86.1,62.49,21.22,46.56,24.82
2026-05-22T10:17:00,A,78.08,93.05,60.81,20.83,51.02,24.39
2026-05-22T10:17:15,A,72.35,89.31,59.87,17.7,51.54,24.57
2026-05-22T10:17:30,A,74.88,91.69,56.94,19.96,49.48,24.23
2026-05-22T10:17:45,A,74.26,88.69,55.18,22.62,54.14,22.71
2026-05-22T10:18:00,A,76.38,90.88,59.3,18.82,47.93,23.08
2026-05-22T10:18:15,A,73.34,92.05,64.46,19.13,50.72,24.5
2026-05-22T10:18:30,A,75.94,91.45,56.29,21.3,52.66,23.24
2026-05-22T10:18:45,A,75.08,93.22,67.09,18.82,45.86,24.3
2026-05-22T10:19:00,A,76.44,85.98,62.08,19.09,55.16,25.99
2026-05-22T10:19:15,A,73.47,88.35,62.58,19.42,49.86,24.03
2026-05-22T10:19:30,A,71.16,88.52,64.33,18.12,52.44,23.72
2026-05-22T10:19:45,A,74.44,92.37,61.02,20.86,52.9,23.67
2026-05-22T10:20:00,A,73.78,98.85,63.73,17.97,46.03,24.48
2026-05-22T10:20:15,A,76.09,89.62,60.98,20.13,43.34,23.77
2026-05-22T10:20:30,A,73.3,91.1,59.06,21.38,51.45,24.42
2026-05-22T10:20:45,A,76.21,91.42,57.22,20.83,47.24,23.58
2026-05-22T10:21:00,A,74.41,92.93,62.76,18.13,50.16,23.29
2026-05-22T10:21:15,A,72.48,97.28,61.3,17.93,48.31,25.02
2026-05-22T10:21:30,A,79.18,95.61,61.17,18.7,51.6,21.36
2026-05-22T10:21:45,A,75.01,86.96,60.26,18.61,50.77,23.1
2026-05-22T10:22:00,A,74.18,92.58,59.3,20.06,45.65,23.7
2026-05-22T10:22:15,A,74.9,97.86,56.66,22.2,52.99,24.28
2026-05-22T10:22:30,A,78.52,89.84,63.67,21.64,48.12,22.68
2026-05-22T10:22:45,A,74.59,87.6,59.81,21.86,48.63,23.96
2026-05-22T10:23:00,A,75.12,92.55,53.26,19.09,50.63,25.2
2026-05-22T10:23:15,A,74.02,84.37,61.86,19.05,46.43,23.38
2026-05-22T10:23:30,A,74.63,92.69,63.82,20.98,46.59,23.8
2026-05-22T10:23:45,A,74.99,87.8,60.25,20.69,54.37,24.7
2026-05-22T10:24:00,A,76.58,91.23,57.42,22.11,52.09,23.56
2026-05-22T10:24:15,A,74.04,90.59,60.93,22.55,53.21,24.19
2026-05-22T10:24:30,A,76.88,95.43,59.35,18.73,48.04,22.91
2026-05-22T10:24:45,A,73.43,90.05,62.71,18.64,54.56,24.51
2026-05-22T10:25:00,A,77.06,86.72,62.67,20.26,51.66,22.82
2026-05-22T10:25:15,A,73.21,91.39,55.9,21.27,46.3,24.55
2026-05-22T10:25:30,A,76.25,90.78,58.38,18.49,44.11,24.35
2026-05-22T10:25:45,A,71.87,92.04,59.09,19.51,52.2,24.34
2026-05-22T10:26:00,A,75.63,92.27,61.84,18.47,49.27,23.96
2026-05-22T10:26:15,A,74.73,93.25,56.06,20.93,53.99,24.39
2026-05-22T10:26:30,A,77.18,90.75,63.14,20.22,50.07,23.65
2026-05-22T10:26:45,A,78.13,91.5,55.8,20.55,43.7,24.63
2026-05-22T10:27:00,A,76.77,95.86,58.48,18.41,54.44,25.96
2026-05-22T10:27:15,A,75.01,87.77,58.54,21.85,55.06,24.56
2026-05-22T10:27:30,A,73.24,88.99,61.03,22.33,52.56,24.41
2026-05-22T10:27:45,A,75.93,82.41,59.11,20.36,46.55,24.39
2026-05-22T10:28:00,A,74.59,88.6,59.55,19.89,48.65,24.2
2026-05-22T10:28:15,A,73.48,86.61,61.87,20.94,47.59,24.9
2026-05-22T10:28:30,A,73.74,90.76,62.46,19.95,51.36,23.48
2026-05-22T10:28:45,A,74.61,89.38,57.76,19.73,45.35,23.51
2026-05-22T10:29:00,A,74.43,89.81,61.44,21.31,48.05,22.8
2026-05-22T10:29:15,A,72.92,87.69,56.11,19.32,50.54,24.6
2026-05-22T10:29:30,A,73.89,89.91,57.45,20.86,44.64,23.64
2026-05-22T10:29:45,A,75.6,91.05,56.99,19.86,44.67,23.92
2026-05-22T10:30:00,A,73.33,89.65,58.09,22.61,49.04,25.83
2026-05-22T10:30:15,A,76.63,91.18,54.22,19.58,52.54,23.95
2026-05-22T10:30:30,A,72.19,93.74,59.81,21.43,48.9,22.3
2026-05-22T10:30:45,A,73.15,89.27,59.1,22.86,54.88,26.22
2026-05-22T10:31:00,A,74.68,94.43,56.5,20.33,46.71,23.41
2026-05-22T10:31:15,A,73.33,88.36,62.5,18.34,50.66,25.22
2026-05-22T10:31:30,A,73.97,93.54,60.58,19.2,51.45,22.9
2026-05-22T10:31:45,A,76.36,87.48,57.34,20.8,53.69,23.36
2026-05-22T10:32:00,A,75.92,89.91,57.27,18.6,48.0,24.29
2026-05-22T10:32:15,A,74.63,88.18,61.37,15.88,48.5,23.47
2026-05-22T10:32:30,A,77.78,90.42,53.61,21.15,50.65,24.51
2026-05-22T10:32:45,A,82.85,83.75,65.17,19.57,50.86,23.95
2026-05-22T10:33:00,A,74.15,88.29,60.99,17.72,52.25,23.58
2026-05-22T10:33:15,A,72.74,88.39,61.08,18.9,52.27,24.69
2026-05-22T10:33:30,A,78.7,90.29,63.89,18.92,52.24,23.81
2026-05-22T10:33:45,A,74.87,89.65,60.64,22.37,52.96,24.87
2026-05-22T10:34:00,A,74.09,87.33,62.87,21.31,54.42,23.4
2026-05-22T10:34:15,A,74.54,92.99,58.6,20.96,49.43,24.32
2026-05-22T10:34:30,A,72.7,90.26,51.03,19.72,45.11,25.21
2026-05-22T10:34:45,A,76.55,87.15,65.24,21.4,49.29,25.14
2026-05-22T10:35:00,A,72.79,88.41,56.83,21.83,49.22,24.35
2026-05-22T10:35:15,A,73.86,84.26,59.79,17.95,55.96,24.91
2026-05-22T10:35:30,A,75.21,91.63,60.6,20.4,53.82,24.73
2026-05-22T10:35:45,A,75.58,89.63,60.28,18.3,57.24,25.52
2026-05-22T10:36:00,A,76.2,87.14,60.23,20.39,46.27,24.33
2026-05-22T10:36:15,A,74.69,84.28,57.42,19.38,55.66,24.56
2026-05-22T10:36:30,A,72.33,93.25,58.59,19.86,53.98,22.71
2026-05-22T10:36:45,A,72.21,85.44,51.5,19.32,51.66,25.2
2026-05-22T10:37:00,A,74.07,84.39,58.83,20.29,51.35,23.49
2026-05-22T10:37:15,A,75.07,91.36,57.05,20.09,51.34,23.66
2026-05-22T10:37:30,A,75.34,91.83,60.47,19.12,50.67,24.71
2026-05-22T10:37:45,A,70.9,91.28,63.59,17.94,47.87,23.71
2026-05-22T10:38:00,A,73.43,88.33,60.61,18.2,48.81,24.32
2026-05-22T10:38:15,A,74.33,85.46,60.96,22.63,50.06,24.23
2026-05-22T10:38:30,A,76.39,90.61,64.9,18.9,55.45,24.78
2026-05-22T10:38:45,A,76.11,93.6,60.42,17.05,46.65,23.81
2026-05-22T10:39:00,A,75.62,84.15,60.43,17.27,52.28,23.91
2026-05-22T10:39:15,A,75.84,93.13,61.75,19.81,51.74,23.29
2026-05-22T10:39:30,A,76.71,94.95,63.21,18.91,51.08,22.71
2026-05-22T10:39:45,A,76.14,86.51,59.15,19.55,46.37,24.39
2026-05-22T10:40:00,A,75.5,93.15,64.97,19.27,48.16,24.49
2026-05-22T10:40:15,A,74.28,84.27,63.95,20.11,48.77,23.91
2026-05-22T10:40:30,A,74.92,90.12,61.33,21.43,46.94,24.47
2026-05-22T10:40:45,A,74.46,89.7,58.19,20.65,51.41,23.29
2026-05-22T10:41:00,A,73.58,89.67,57.31,21.26,48.89,21.09
2026-05-22T10:41:15,A,74.25,86.29,60.33,21.99,50.94,23.39
2026-05-22T10:41:30,A,75.91,86.54,54.74,19.42,50.47,23.9
2026-05-22T10:41:45,A,74.17,86.05,62.33,18.5,47.74,22.53
2026-05-22T10:42:00,A,74.0,92.94,61.57,18.34,49.01,23.22
2026-05-22T10:42:15,A,77.66,92.68,65.49,19.39,52.14,26.28
2026-05-22T10:42:30,A,73.76,92.14,54.35,19.44,51.31,24.19
2026-05-22T10:42:45,A,75.85,87.14,57.97,18.84,52.49,24.9
2026-05-22T10:43:00,A,75.9,95.0,64.57,21.1,55.35,22.34
2026-05-22T10:43:15,A,73.95,86.85,62.27,22.06,52.09,24.28
2026-05-22T10:43:30,A,73.02,87.46,63.75,21.17,49.88,23.58
2026-05-22T10:43:45,A,70.95,86.79,65.73,18.08,50.57,25.01
2026-05-22T10:44:00,A,72.49,90.55,62.81,20.02,58.61,22.33
2026-05-22T10:44:15,A,77.12,91.32,57.8,20.34,44.43,24.6
2026-05-22T10:44:30,A,75.6,91.1,60.44,18.68,47.86,25.19
2026-05-22T10:44:45,A,77.87,87.29,63.52,21.0,55.82,23.12
2026-05-22T10:45:00,A,74.24,90.69,61.94,19.68,47.38,24.88
2026-05-22T10:45:15,A,76.44,87.25,64.07,21.76,50.4,24.08
2026-05-22T10:45:30,A,76.11,83.54,62.63,17.66,54.51,23.67
2026-05-22T10:45:45,A,74.58,94.26,52.54,21.92,51.01,22.79
2026-05-22T10:46:00,A,72.85,86.54,63.41,20.51,47.19,24.22
2026-05-22T10:46:15,A,72.95,91.6,61.08,22.64,50.0,22.82
2026-05-22T10:46:30,A,75.9,96.26,56.96,19.46,51.25,23.95
2026-05-22T10:46:45,A,73.04,90.59,57.29,17.68,50.77,25.1
2026-05-22T10:47:00,A,75.95,86.72,62.5,21.37,45.36,25.59
2026-05-22T10:47:15,A,76.15,85.9,59.55,20.75,55.39,24.71
2026-05-22T10:47:30,A,74.51,86.92,63.69,18.55,54.89,23.72
2026-05-22T10:47:45,A,78.18,88.44,58.98,20.64,50.23,23.41
2026-05-22T10:48:00,A,74.67,91.37,57.06,18.27,44.94,22.21
2026-05-22T10:48:15,A,72.29,88.42,60.53,20.6,50.39,23.92
2026-05-22T10:48:30,A,72.61,84.95,56.93,19.58,47.11,24.51
2026-05-22T10:48:45,A,73.54,96.5,63.57,20.32,53.08,25.11
2026-05-22T10:49:00,A,73.87,92.58,60.42,17.63,47.59,23.93
2026-05-22T10:49:15,A,74.85,91.52,64.47,23.41,48.79,24.49
2026-05-22T10:49:30,A,76.14,91.31,52.4,21.02,50.38,23.78
2026-05-22T10:49:45,A,79.09,87.98,58.79,22.99,47.5,23.45
2026-05-22T10:50:00,A,74.71,86.12,58.4,19.09,49.77,24.43
2026-05-22T10:50:15,A,75.84,90.76,64.15,20.67,53.3,24.47
2026-05-22T10:50:30,A,77.69,96.82,62.67,20.86,46.17,22.71
2026-05-22T10:50:45,A,75.59,90.42,64.77,21.04,46.58,23.89
2026-05-22T10:51:00,A,73.39,88.57,56.23,19.81,48.32,21.07
2026-05-22T10:51:15,A,79.11,90.06,56.49,22.54,55.69,24.16
2026-05-22T10:51:30,A,77.05,90.53,55.99,19.38,50.4,23.55
2026-05-22T10:51:45,A,74.56,90.16,56.82,18.92,46.15,24.98
2026-05-22T10:52:00,A,70.79,93.46,64.16,19.55,42.19,23.64
2026-05-22T10:52:15,A,74.87,94.59,61.99,18.61,45.21,23.67
2026-05-22T10:52:30,A,74.57,91.53,65.81,21.22,49.86,23.82
2026-05-22T10:52:45,A,74.29,90.14,60.15,19.25,45.88,24.32
2026-05-22T10:53:00,A,74.88,93.66,57.37,22.57,44.76,24.43
2026-05-22T10:53:15,A,75.95,87.61,61.27,21.92,43.35,24.5
2026-05-22T10:53:30,A,70.01,87.1,64.89,19.13,46.48,23.8
2026-05-22T10:53:45,A,79.14,94.49,65.57,19.84,46.28,26.1
2026-05-22T10:54:00,A,78.19,89.85,59.52,20.5,54.35,24.88
2026-05-22T10:54:15,A,72.85,92.06,64.4,18.33,49.89,23.47
2026-05-22T10:54:30,A,71.86,84.48,59.9,20.96,50.37,23.89
2026-05-22T10:54:45,A,72.4,83.43,63.58,21.44,50.15,24.23
2026-05-22T10:55:00,A,77.15,89.11,63.94,20.48,50.58,22.73
2026-05-22T10:55:15,A,75.57,87.55,56.8,23.19,53.99,25.92
2026-05-22T10:55:30,A,72.55,90.21,56.12,18.96,47.25,25.24
2026-05-22T10:55:45,A,74.21,93.21,61.81,23.46,45.56,25.26
2026-05-22T10:56:00,A,77.29,87.08,63.02,20.5,49.32,23.18
2026-05-22T10:56:15,A,73.56,96.15,60.0,21.17,47.63,23.22
2026-05-22T10:56:30,A,77.16,90.1,60.33,19.73,51.19,24.69
2026-05-22T10:56:45,A,76.47,87.04,59.15,21.79,52.68,22.63
2026-05-22T10:57:00,A,75.7,95.69,57.16,18.75,52.29,22.46
2026-05-22T10:57:15,A,73.73,89.29,62.23,20.63,50.8,23.66
2026-05-22T10:57:30,A,75.74,88.51,59.45,18.52,49.89,23.19
2026-05-22T10:57:45,A,72.77,92.35,58.71,20.61,51.65,24.44
2026-05-22T10:58:00,A,73.35,90.02,53.74,20.24,56.64,23.64
2026-05-22T10:58:15,A,73.54,93.58,56.23,21.1,51.77,23.86
2026-05-22T10:58:30,A,75.68,93.09,62.62,18.29,52.46,23.94
2026-05-22T10:58:45,A,75.15,93.58,59.75,18.32,48.82,24.18
2026-05-22T10:59:00,A,77.46,97.46,60.79,21.91,49.54,24.53
2026-05-22T10:59:15,A,76.68,93.65,63.17,21.31,49.05,23.43
2026-05-22T10:59:30,A,75.67,93.2,64.36,18.63,47.49,23.86
2026-05-22T10:59:45,A,75.62,91.27,60.12,17.85,46.05,24.28
2026-05-22T11:00:00,A,70.73,99.73,66.92,19.73,49.68,25.0
2026-05-22T11:00:15,A,78.41,88.13,61.75,20.75,53.21,22.8
2026-05-22T11:00:30,A,70.37,83.94,60.44,21.19,49.63,23.54
2026-05-22T11:00:45,A,74.68,87.86,61.56,20.48,50.5,23.0
2026-05-22T11:01:00,A,74.64,94.29,55.58,19.12,50.99,25.25
2026-05-22T11:01:15,A,74.1,90.31,66.13,20.42,49.93,24.32
2026-05-22T11:01:30,A,74.98,90.68,60.05,18.54,53.91,24.66
2026-05-22T11:01:45,A,73.89,87.65,57.72,17.34,51.41,22.17
2026-05-22T11:02:00,A,72.54,83.77,59.74,19.77,49.02,22.96
2026-05-22T11:02:15,A,72.66,90.95,57.34,20.27,53.91,24.59
2026-05-22T11:02:30,A,74.18,90.02,59.02,19.75,50.64,23.01
2026-05-22T11:02:45,A,72.97,86.35,60.48,18.66,51.54,24.03
2026-05-22T11:03:00,A,71.06,87.02,61.26,18.72,50.29,22.74
2026-05-22T11:03:15,A,71.41,88.85,59.63,19.4,46.45,23.6
2026-05-22T11:03:30,A,75.54,87.99,63.52,18.24,51.46,25.18
2026-05-22T11:03:45,A,75.96,93.11,55.73,18.54,48.81,25.24
2026-05-22T11:04:00,A,75.76,88.16,57.87,21.47,45.88,25.61
2026-05-22T11:04:15,A,76.66,89.55,55.7,19.21,51.48,25.3
2026-05-22T11:04:30,A,72.79,88.9,59.55,17.91,51.77,23.28
2026-05-22T11:04:45,A,74.61,89.98,59.35,19.44,47.81,24.32
2026-05-22T11:05:00,A,78.31,85.83,60.47,18.35,45.57,23.26
2026-05-22T11:05:15,A,77.38,92.85,60.73,17.7,49.41,24.3
2026-05-22T11:05:30,A,75.35,89.81,61.61,16.71,49.51,24.14
2026-05-22T11:05:45,A,76.7,87.6,54.28,19.41,53.0,25.39
2026-05-22T11:06:00,A,76.42,88.33,59.61,22.5,47.17,25.61
2026-05-22T11:06:15,A,74.36,91.76,57.79,17.88,50.66,25.01
2026-05-22T11:06:30,A,73.31,89.74,61.64,21.42,49.82,25.86
2026-05-22T11:06:45,A,75.45,89.21,58.99,21.44,51.39,22.82
2026-05-22T11:07:00,A,75.34,92.66,62.28,20.09,51.16,25.25
2026-05-22T11:07:15,A,72.33,88.95,57.68,20.57,53.69,23.4
2026-05-22T11:07:30,A,70.22,91.61,61.28,19.58,46.16,24.52
2026-05-22T11:07:45,A,73.33,88.26,58.17,19.86,49.28,25.12
2026-05-22T11:08:00,A,75.37,90.15,62.31,19.09,51.09,24.31
2026-05-22T11:08:15,A,71.22,88.81,56.69,20.52,50.26,24.36
2026-05-22T11:08:30,A,75.38,91.7,56.85,22.04,54.92,27.15
2026-05-22T11:08:45,A,72.75,91.66,58.36,22.89,47.68,22.31
2026-05-22T11:09:00,A,74.06,83.8,60.09,16.88,49.04,25.64
2026-05-22T11:09:15,A,75.72,90.05,61.42,17.95,51.78,21.3
2026-05-22T11:09:30,A,73.74,88.54,61.9,20.03,45.78,23.02
2026-05-22T11:09:45,A,75.4,89.76,58.26,19.28,52.09,23.48
2026-05-22T11:10:00,A,74.82,84.44,62.35,18.98,49.05,23.22
2026-05-22T11:10:15,A,74.48,94.8,62.41,21.29,45.75,22.85
2026-05-22T11:10:30,A,69.32,91.55,59.34,19.97,47.93,24.2
2026-05-22T11:10:45,A,76.53,92.8,58.75,21.05,58.44,23.9
2026-05-22T11:11:00,A,75.79,91.38,60.58,18.47,50.62,25.46
2026-05-22T11:11:15,A,75.9,92.25,60.84,18.57,50.96,23.01
2026-05-22T11:11:30,A,73.73,86.43,63.16,20.86,47.89,22.46
2026-05-22T11:11:45,A,74.71,88.91,53.98,19.42,49.08,24.63
2026-05-22T11:12:00,A,73.6,93.93,59.33,21.29,50.24,25.14
2026-05-22T11:12:15,A,74.23,86.7,64.26,19.83,50.66,25.23
2026-05-22T11:12:30,A,72.94,91.79,58.23,19.8,50.22,22.5
2026-05-22T11:12:45,A,73.44,94.05,62.66,19.91,50.73,23.71
2026-05-22T11:13:00,A,77.71,93.44,57.67,22.34,45.41,25.63
2026-05-22T11:13:15,A,74.25,89.27,54.33,19.32,46.88,23.39
2026-05-22T11:13:30,A,74.73,90.92,56.71,18.68,55.4,23.26
2026-05-22T11:13:45,A,78.31,93.21,63.82,19.83,48.84,23.94
2026-05-22T11:14:00,A,75.68,91.86,64.92,20.57,50.93,22.48
2026-05-22T11:14:15,A,69.74,88.46,60.73,19.91,53.38,24.09
2026-05-22T11:14:30,A,73.51,91.58,58.57,19.03,50.25,24.01
2026-05-22T11:14:45,A,75.96,88.7,62.38,19.55,49.26,24.99
2026-05-22T11:15:00,A,73.58,88.55,57.1,19.74,51.47,23.99
2026-05-22T11:15:15,A,75.61,95.44,58.97,20.42,48.47,23.15
2026-05-22T11:15:30,A,73.83,88.56,61.08,23.52,47.85,23.58
2026-05-22T11:15:45,A,74.87,91.19,60.79,21.93,42.72,21.61
2026-05-22T11:16:00,A,74.01,93.29,55.3,15.49,51.71,24.24
2026-05-22T11:16:15,A,72.82,90.33,58.12,20.74,41.44,23.14
2026-05-22T11:16:30,A,72.75,92.39,54.42,20.07,51.68,25.86
2026-05-22T11:16:45,A,74.04,90.97,54.59,16.41,52.53,23.99
2026-05-22T11:17:00,A,77.36,95.61,61.26,20.41,50.03,22.43
2026-05-22T11:17:15,A,77.71,85.31,56.46,22.15,48.96,25.45
2026-05-22T11:17:30,A,74.84,88.23,62.1,20.04,45.37,24.16
2026-05-22T11:17:45,A,79.39,93.23,60.63,20.31,46.73,24.23
2026-05-22T11:18:00,A,77.07,89.72,57.34,21.5,49.14,24.76
2026-05-22T11:18:15,A,74.42,90.87,54.01,18.32,52.79,23.87
2026-05-22T11:18:30,A,73.95,83.93,59.7,19.1,47.1,23.93
2026-05-22T11:18:45,A,75.73,93.48,62.92,18.83,50.61,23.54
2026-05-22T11:19:00,A,75.37,91.53,58.71,17.77,49.37,25.21
2026-05-22T11:19:15,A,71.95,87.05,57.62,19.36,45.9,23.03
2026-05-22T11:19:30,A,76.41,88.11,62.2,19.7,48.61,24.04
2026-05-22T11:19:45,A,71.51,88.77,63.02,18.31,53.38,24.15
2026-05-22T11:20:00,A,74.33,88.92,57.71,21.55,48.21,24.9
2026-05-22T11:20:15,A,76.36,90.05,60.6,20.71,48.06,22.34
2026-05-22T11:20:30,A,76.01,88.79,65.85,21.54,48.04,24.03
2026-05-22T11:20:45,A,73.12,85.86,60.14,19.63,44.98,24.4
2026-05-22T11:21:00,A,76.43,87.88,60.92,18.76,50.83,25.2
2026-05-22T11:21:15,A,73.95,85.83,60.67,17.39,48.36,22.91
2026-05-22T11:21:30,A,75.27,87.84,60.89,18.84,50.47,24.18
2026-05-22T11:21:45,A,73.79,84.41,55.7,20.22,51.76,24.51
2026-05-22T11:22:00,A,76.64,83.04,57.3,18.55,53.24,24.94
2026-05-22T11:22:15,A,75.97,82.82,61.05,19.81,52.54,23.88
2026-05-22T11:22:30,A,74.23,82.94,56.82,16.25,50.6,24.61
2026-05-22T11:22:45,A,74.3,83.67,56.74,21.88,52.84,23.1
2026-05-22T11:23:00,A,72.73,81.12,54.66,16.65,50.68,23.44
2026-05-22T11:23:15,A,77.35,80.56,61.5,17.96,50.67,24.55
2026-05-22T11:23:30,A,76.36,79.44,57.37,20.15,51.44,25.5
2026-05-22T11:23:45,A,77.3,80.77,60.87,18.26,46.0,22.45
2026-05-22T11:24:00,A,76.32,80.65,62.53,21.74,48.26,22.84
2026-05-22T11:24:15,A,76.7,78.21,61.16,20.48,53.85,25.29
2026-05-22T11:24:30,A,76.09,78.16,55.82,21.58,46.42,24.29
2026-05-22T11:24:45,A,74.93,77.12,58.27,21.32,50.0,24.4
2026-05-22T11:25:00,A,73.08,77.68,57.58,21.62,43.49,22.81
2026-05-22T11:25:15,A,73.08,73.72,61.24,19.68,51.14,24.69
2026-05-22T11:25:30,A,75.53,74.53,56.44,21.59,48.23,23.06
2026-05-22T11:25:45,A,74.64,73.48,61.03,20.52,47.31,23.51
2026-05-22T11:26:00,A,77.15,74.34,55.84,21.15,49.84,23.45
2026-05-22T11:26:15,A,76.0,73.24,58.09,20.33,49.09,23.78
2026-05-22T11:26:30,A,76.53,71.2,61.11,20.88,49.7,23.94
2026-05-22T11:26:45,A,77.79,71.97,57.1,19.88,49.1,22.99
2026-05-22T11:27:00,A,75.72,72.12,57.31,20.33,52.38,23.43
2026-05-22T11:27:15,A,76.7,71.15,60.04,19.11,49.1,24.81
2026-05-22T11:27:30,A,73.83,70.82,58.3,21.25,50.63,23.02
2026-05-22T11:27:45,A,74.62,69.32,62.76,19.31,46.76,23.39
2026-05-22T11:28:00,A,75.39,67.76,59.17,21.94,51.27,25.31
2026-05-22T11:28:15,A,78.27,65.81,59.24,19.48,51.47,24.69
2026-05-22T11:28:30,A,73.32,65.69,60.17,19.54,53.44,21.16
2026-05-22T11:28:45,A,74.09,64.61,62.32,20.53,53.78,23.33
2026-05-22T11:29:00,A,73.53,64.26,61.16,21.26,47.96,21.09
2026-05-22T11:29:15,A,70.97,64.91,60.39,19.66,54.17,24.64
2026-05-22T11:29:30,A,78.23,63.17,59.25,20.94,50.14,24.62
2026-05-22T11:29:45,A,74.37,62.95,57.59,22.22,49.15,23.43
2026-05-22T11:30:00,A,74.06,63.67,57.43,20.05,51.96,22.37
2026-05-22T11:30:15,A,75.96,63.23,57.11,21.04,53.32,24.86
2026-05-22T11:30:30,A,75.5,60.95,56.89,21.0,47.61,23.05
2026-05-22T11:30:45,A,74.83,63.43,61.58,19.71,49.41,24.51
2026-05-22T11:31:00,A,77.55,59.83,62.0,20.87,51.73,23.87
2026-05-22T11:31:15,A,76.91,61.09,61.78,20.61,51.07,24.08
2026-05-22T11:31:30,A,74.92,63.78,62.17,20.17,53.02,24.52
2026-05-22T11:31:45,A,74.84,62.32,58.53,22.39,50.06,22.81
2026-05-22T11:32:00,A,74.9,63.44,57.63,20.05,45.9,24.7
2026-05-22T11:32:15,A,75.0,64.41,59.14,20.21,46.74,23.13
2026-05-22T11:32:30,A,75.2,61.39,58.4,20.44,45.51,25.28
2026-05-22T11:32:45,A,72.46,63.01,61.15,18.51,50.75,22.82
2026-05-22T11:33:00,A,74.49,60.54,61.94,20.03,43.04,24.78
2026-05-22T11:33:15,A,72.81,62.42,60.87,17.46,47.06,26.76
2026-05-22T11:33:30,A,74.39,61.74,59.2,19.4,49.66,24.26
2026-05-22T11:33:45,A,75.97,58.92,62.22,20.76,49.83,22.6
2026-05-22T11:34:00,A,73.58,62.98,64.28,19.37,52.27,22.09
2026-05-22T11:34:15,A,75.61,63.98,57.38,20.94,49.16,23.84
2026-05-22T11:34:30,A,74.63,62.36,60.25,21.2,52.77,22.95
2026-05-22T11:34:45,A,76.74,62.88,61.86,17.13,50.28,23.53
2026-05-22T11:35:00,A,73.48,62.11,62.06,19.79,53.5,24.53
2026-05-22T11:35:15,A,73.88,59.84,67.65,20.8,50.45,25.18
2026-05-22T11:35:30,A,79.69,63.88,60.39,19.79,48.57,23.17
2026-05-22T11:35:45,A,74.85,63.59,59.89,20.22,48.43,27.08
2026-05-22T11:36:00,A,77.72,62.85,55.98,20.65,47.96,24.97
2026-05-22T11:36:15,A,76.99,63.48,61.43,20.95,48.58,23.23
2026-05-22T11:36:30,A,78.22,63.58,58.29,19.81,46.81,23.99
2026-05-22T11:36:45,A,76.34,64.87,56.95,18.46,48.88,24.64
2026-05-22T11:37:00,A,76.86,64.91,58.45,21.99,52.48,24.16
2026-05-22T11:37:15,A,77.13,67.55,63.88,22.5,50.92,24.59
2026-05-22T11:37:30,A,77.83,66.91,56.13,19.79,53.29,21.81
2026-05-22T11:37:45,A,74.08,67.14,63.69,21.47,45.8,24.59
2026-05-22T11:38:00,A,74.59,68.64,57.78,18.0,48.84,24.43
2026-05-22T11:38:15,A,76.58,68.39,55.83,19.71,53.18,23.95
2026-05-22T11:38:30,A,76.01,68.84,58.03,19.65,47.18,25.12
2026-05-22T11:38:45,A,78.06,67.99,53.74,17.79,45.88,25.38
2026-05-22T11:39:00,A,75.23,70.35,60.86,19.78,51.69,25.64
2026-05-22T11:39:15,A,75.39,67.83,62.05,19.83,51.7,23.34
2026-05-22T11:39:30,A,74.9,73.51,62.42,18.73,48.73,23.55
2026-05-22T11:39:45,A,76.47,71.92,61.46,18.9,49.58,25.6
2026-05-22T11:40:00,A,76.47,70.82,53.69,23.06,50.47,24.4
2026-05-22T11:40:15,A,74.63,74.08,56.3,18.45,48.68,25.29
2026-05-22T11:40:30,A,75.03,72.81,62.15,23.59,56.56,23.31
2026-05-22T11:40:45,A,76.0,72.56,57.56,21.24,53.21,21.93
2026-05-22T11:41:00,A,74.96,73.55,61.02,19.59,46.35,22.88
2026-05-22T11:41:15,A,74.72,73.36,63.14,19.5,45.98,24.74
2026-05-22T11:41:30,A,74.59,74.42,56.46,19.67,51.83,22.44
2026-05-22T11:41:45,A,75.08,74.93,64.43,18.51,50.41,24.08
2026-05-22T11:42:00,A,72.86,77.39,59.95,20.76,50.25,23.29
2026-05-22T11:42:15,A,71.36,74.14,65.11,19.83,48.96,24.89
2026-05-22T11:42:30,A,72.76,76.07,63.09,20.75,50.74,24.08
2026-05-22T11:42:45,A,72.94,75.39,60.24,19.28,57.62,23.96
2026-05-22T11:43:00,A,72.19,76.34,55.25,21.23,45.86,23.56
2026-05-22T11:43:15,A,74.48,78.09,57.95,19.59,49.96,24.15
2026-05-22T11:43:30,A,75.2,78.32,55.25,20.08,51.44,24.73
2026-05-22T11:43:45,A,73.62,77.76,61.61,21.55,48.78,24.91
2026-05-22T11:44:00,A,75.25,78.59,62.24,20.49,56.83,23.15
2026-05-22T11:44:15,A,73.26,79.4,68.75,19.72,46.61,24.27
2026-05-22T11:44:30,A,70.85,80.71,58.49,19.77,47.7,22.87
2026-05-22T11:44:45,A,74.17,80.75,65.4,18.05,44.44,23.88
2026-05-22T11:45:00,A,75.03,80.22,59.4,20.55,53.12,22.04
2026-05-22T11:45:15,A,74.26,80.22,65.19,19.05,49.88,24.56
2026-05-22T11:45:30,A,73.82,81.26,57.46,21.39,49.01,23.49
2026-05-22T11:45:45,A,79.76,83.23,58.48,18.46,50.19,24.11
2026-05-22T11:46:00,A,72.84,83.04,60.87,19.24,48.46,22.8
2026-05-22T11:46:15,A,74.55,85.94,56.78,19.36,51.25,24.6
2026-05-22T11:46:30,A,76.92,83.21,60.92,23.1,45.81,25.2
2026-05-22T11:46:45,A,74.8,84.68,61.96,21.46,49.96,23.4
2026-05-22T11:47:00,A,71.88,84.82,57.1,19.19,48.6,22.52
2026-05-22T11:47:15,A,74.18,83.24,66.07,21.88,47.66,24.27
2026-05-22T11:47:30,A,75.83,84.79,55.99,21.09,53.87,26.59
2026-05-22T11:47:45,A,74.18,84.33,56.21,18.84,50.24,23.36
2026-05-22T11:48:00,A,76.32,86.68,56.35,22.05,48.18,24.91
2026-05-22T11:48:15,A,72.01,88.06,59.49,20.12,52.28,24.7
2026-05-22T11:48:30,A,75.56,87.75,59.23,21.62,49.61,23.15
2026-05-22T11:48:45,A,74.46,86.86,60.57,19.01,49.22,22.49
2026-05-22T11:49:00,A,74.56,86.93,63.25,20.32,50.6,23.99
2026-05-22T11:49:15,A,75.95,88.06,59.24,20.38,53.58,23.23
2026-05-22T11:49:30,A,74.0,89.84,56.84,20.64,44.89,23.44
2026-05-22T11:49:45,A,74.45,87.53,60.1,20.92,51.13,24.17
2026-05-22T11:50:00,A,77.32,89.1,54.58,19.59,49.86,24.11
2026-05-22T11:50:15,A,74.62,85.51,64.09,19.54,48.53,25.59
2026-05-22T11:50:30,A,72.81,89.8,61.29,21.11,57.72,21.75
2026-05-22T11:50:45,A,76.22,88.33,58.24,19.07,47.27,25.68
2026-05-22T11:51:00,A,76.68,90.07,64.05,17.73,46.01,21.82
2026-05-22T11:51:15,A,75.21,90.45,55.77,21.2,50.72,24.73
2026-05-22T11:51:30,A,71.21,90.93,56.44,19.4,51.6,24.09
2026-05-22T11:51:45,A,71.94,93.45,59.38,21.68,48.42,23.48
2026-05-22T11:52:00,A,73.58,91.93,58.85,17.04,48.29,22.82
2026-05-22T11:52:15,A,76.85,89.73,59.47,20.98,52.89,23.98
2026-05-22T11:52:30,A,73.46,84.68,57.94,19.07,50.32,23.65
2026-05-22T11:52:45,A,76.38,88.16,59.83,21.78,51.03,23.94
2026-05-22T11:53:00,A,73.3,88.38,62.27,19.67,45.95,25.77
2026-05-22T11:53:15,A,75.64,85.78,58.67,20.17,55.11,22.89
2026-05-22T11:53:30,A,73.74,89.17,56.89,19.69,49.89,24.66
2026-05-22T11:53:45,A,71.07,89.94,60.88,20.37,49.02,24.12
2026-05-22T11:54:00,A,74.25,88.5,59.49,22.46,49.45,23.98
2026-05-22T11:54:15,A,78.92,91.35,60.25,20.06,42.85,24.75
2026-05-22T11:54:30,A,73.58,88.85,58.77,21.53,48.86,26.08
2026-05-22T11:54:45,A,74.74,88.04,53.42,22.4,52.11,24.53
2026-05-22T11:55:00,A,75.33,85.85,58.55,21.26,46.85,21.47
2026-05-22T11:55:15,A,74.55,89.57,60.41,21.09,51.91,24.26
2026-05-22T11:55:30,A,76.01,91.88,56.28,17.75,47.76,23.34
2026-05-22T11:55:45,A,73.29,88.17,63.36,20.02,49.46,23.89
2026-05-22T11:56:00,A,77.63,90.63,59.52,23.75,46.83,23.65
2026-05-22T11:56:15,A,78.38,95.01,63.67,19.7,48.9,22.33
2026-05-22T11:56:30,A,74.02,93.98,57.08,20.61,49.48,24.64
2026-05-22T11:56:45,A,74.87,85.65,60.23,21.57,49.91,24.78
2026-05-22T11:57:00,A,73.75,92.24,60.09,21.04,53.26,24.69
2026-05-22T11:57:15,A,74.99,88.4,58.97,19.44,47.06,22.04
2026-05-22T11:57:30,A,72.3,90.05,65.7,21.53,54.93,24.39
2026-05-22T11:57:45,A,73.71,81.78,63.56,22.31,48.34,23.75
2026-05-22T11:58:00,A,73.49,91.15,63.37,17.39,51.23,23.72
2026-05-22T11:58:15,A,75.23,91.38,59.44,19.84,49.36,24.97
2026-05-22T11:58:30,A,72.46,88.86,62.7,20.06,51.98,25.77
2026-05-22T11:58:45,A,77.08,90.28,58.47,16.17,49.49,23.67
2026-05-22T11:59:00,A,74.36,84.66,57.18,20.71,55.15,23.9
2026-05-22T11:59:15,A,73.38,91.1,57.78,21.3,50.45,24.3
2026-05-22T11:59:30,A,79.17,86.98,58.98,20.35,52.36,23.44
2026-05-22T11:59:45,A,76.52,84.77,58.18,22.35,54.34,24.94
2026-05-22T12:00:00,A,74.74,93.38,57.37,18.79,53.03,23.96
2026-05-22T12:00:15,A,74.89,87.23,60.02,17.78,48.54,22.56
2026-05-22T12:00:30,A,71.54,94.0,67.49,20.07,48.08,26.82
2026-05-22T12:00:45,A,75.36,94.04,61.08,19.25,47.15,23.66
2026-05-22T12:01:00,A,73.87,85.52,63.77,19.25,46.2,23.83
2026-05-22T12:01:15,A,75.66,86.86,65.13,20.79,48.8,23.25
2026-05-22T12:01:30,A,74.79,91.84,59.92,19.67,50.18,23.4
2026-05-22T12:01:45,A,76.95,90.9,57.68,22.85,50.26,22.96
2026-05-22T12:02:00,A,76.71,91.19,61.18,19.36,51.35,23.74
2026-05-22T12:02:15,A,74.13,95.17,57.7,19.09,48.66,22.79
2026-05-22T12:02:30,A,75.27,89.84,59.57,20.06,53.07,23.81
2026-05-22T12:02:45,A,76.16,94.24,58.12,20.15,51.02,23.01
2026-05-22T12:03:00,A,71.46,91.1,58.85,20.3,49.95,23.02
2026-05-22T12:03:15,A,74.91,86.3,64.17,17.97,49.41,22.96
2026-05-22T12:03:30,A,73.96,92.56,60.09,20.77,47.06,22.6
2026-05-22T12:03:45,A,75.21,89.04,61.88,19.88,50.62,22.38
2026-05-22T12:04:00,A,76.4,87.49,60.92,18.05,51.36,23.64
2026-05-22T12:04:15,A,72.53,87.95,61.37,23.15,49.59,24.59
2026-05-22T12:04:30,A,71.51,90.28,55.12,16.24,50.89,24.14
2026-05-22T12:04:45,A,81.2,89.23,61.53,19.03,50.89,23.76
2026-05-22T12:05:00,A,77.35,90.41,53.09,19.46,58.11,23.77
2026-05-22T12:05:15,A,77.21,94.33,60.66,18.74,42.69,24.68
2026-05-22T12:05:30,A,72.5,89.2,60.1,20.4,46.66,25.2
2026-05-22T12:05:45,A,73.81,84.98,59.67,20.05,50.48,25.36
2026-05-22T12:06:00,A,72.79,92.46,60.55,19.37,44.29,25.44
2026-05-22T12:06:15,A,75.72,86.41,55.52,16.81,52.16,23.45
2026-05-22T12:06:30,A,73.16,88.3,60.73,19.29,51.84,23.02
2026-05-22T12:06:45,A,70.55,88.45,59.1,19.05,53.73,25.23
2026-05-22T12:07:00,A,73.87,88.2,58.03,18.95,48.04,23.61
2026-05-22T12:07:15,A,75.72,87.27,63.81,18.53,45.15,24.38
2026-05-22T12:07:30,A,70.19,94.18,62.02,17.75,45.56,25.67
2026-05-22T12:07:45,A,70.47,88.95,59.32,21.07,45.8,22.48
2026-05-22T12:08:00,A,71.86,93.24,60.11,21.64,49.79,21.48
2026-05-22T12:08:15,A,74.7,93.18,57.32,19.42,49.47,21.1
2026-05-22T12:08:30,A,76.01,89.74,63.77,20.61,49.3,23.11
2026-05-22T12:08:45,A,76.29,86.7,63.76,20.24,51.93,24.08
2026-05-22T12:09:00,A,76.34,90.5,63.54,20.6,47.1,23.2
2026-05-22T12:09:15,A,75.21,83.06,65.02,20.66,53.68,22.42
2026-05-22T12:09:30,A,72.36,92.31,60.0,17.68,51.48,24.83
2026-05-22T12:09:45,A,71.67,85.52,60.41,20.04,47.85,24.81
2026-05-22T12:10:00,A,74.75,91.81,58.66,23.08,47.56,26.11
2026-05-22T12:10:15,A,77.74,90.38,62.55,21.84,51.01,23.41
2026-05-22T12:10:30,A,76.37,83.54,61.34,19.04,54.96,24.62
2026-05-22T12:10:45,A,73.0,94.87,65.97,20.59,54.77,23.43
2026-05-22T12:11:00,A,75.87,88.82,61.61,20.46,47.01,24.52
2026-05-22T12:11:15,A,77.31,86.35,61.4,18.24,46.66,23.37
2026-05-22T12:11:30,A,74.57,92.51,59.04,17.62,53.42,23.16
2026-05-22T12:11:45,A,75.4,93.28,61.44,18.71,56.54,24.19
2026-05-22T12:12:00,A,75.5,91.2,67.48,19.59,49.05,24.12
2026-05-22T12:12:15,A,71.07,88.24,55.1,19.36,51.51,23.11
2026-05-22T12:12:30,A,76.73,84.92,62.46,21.23,52.86,25.22
2026-05-22T12:12:45,A,75.22,88.75,60.01,22.3,45.96,23.14
2026-05-22T12:13:00,A,74.27,92.56,61.02,22.25,50.22,25.03
2026-05-22T12:13:15,A,75.1,92.17,58.9,23.58,50.54,23.73
2026-05-22T12:13:30,A,76.73,88.51,61.73,17.74,50.55,24.45
2026-05-22T12:13:45,A,72.44,87.31,55.99,22.0,54.65,24.32
2026-05-22T12:14:00,A,74.81,89.0,59.07,17.68,50.79,23.96
2026-05-22T12:14:15,A,74.67,87.39,60.22,21.11,46.57,24.09
2026-05-22T12:14:30,A,75.47,87.85,58.24,20.35,46.6,24.35
2026-05-22T12:14:45,A,79.68,87.42,61.6,18.91,53.12,22.73
2026-05-22T12:15:00,A,74.59,86.91,62.47,18.74,51.66,23.66
2026-05-22T12:15:15,A,73.48,90.63,64.59,18.83,53.52,25.5
2026-05-22T12:15:30,A,75.6,88.36,65.61,20.05,47.59,22.85
2026-05-22T12:15:45,A,77.18,88.29,60.13,21.43,48.55,23.95
2026-05-22T12:16:00,A,74.97,92.05,61.77,19.67,50.19,23.63
2026-05-22T12:16:15,A,78.78,87.35,57.68,18.69,52.17,24.45
2026-05-22T12:16:30,A,74.68,87.25,60.28,17.65,50.43,24.87
2026-05-22T12:16:45,A,78.16,88.16,63.41,19.77,49.51,24.44
2026-05-22T12:17:00,A,74.24,86.04,61.01,19.61,49.53,22.79
2026-05-22T12:17:15,A,76.93,89.08,54.81,22.93,49.82,23.25
2026-05-22T12:17:30,A,74.95,93.84,63.25,18.39,47.98,24.96
2026-05-22T12:17:45,A,72.14,88.57,59.1,19.46,48.34,22.9
2026-05-22T12:18:00,A,79.58,95.6,56.51,22.37,48.8,24.13
2026-05-22T12:18:15,A,76.97,90.38,58.57,18.04,47.32,22.36
2026-05-22T12:18:30,A,74.47,94.11,63.6,19.95,49.74,25.88
2026-05-22T12:18:45,A,72.15,91.18,62.49,19.05,50.87,23.64
2026-05-22T12:19:00,A,74.56,92.91,58.11,20.08,47.73,24.36
2026-05-22T12:19:15,A,77.67,92.79,58.19,20.75,51.61,24.64
2026-05-22T12:19:30,A,73.86,88.93,67.91,20.45,48.84,21.79
2026-05-22T12:19:45,A,72.99,89.01,64.25,21.16,49.53,24.31
2026-05-22T12:20:00,A,73.8,90.42,60.22,21.45,52.9,24.49
2026-05-22T12:20:15,A,74.28,92.23,59.72,18.38,48.79,24.08
2026-05-22T12:20:30,A,76.82,89.45,56.37,20.09,50.34,24.19
2026-05-22T12:20:45,A,73.81,88.15,56.88,21.05,54.35,23.68
2026-05-22T12:21:00,A,76.01,91.31,56.43,21.02,47.21,22.87
2026-05-22T12:21:15,A,74.56,85.68,62.88,21.69,44.16,24.98
2026-05-22T12:21:30,A,74.86,90.09,59.44,21.82,46.28,24.61
2026-05-22T12:21:45,A,79.65,88.41,62.87,19.84,53.7,23.99
2026-05-22T12:22:00,A,74.02,85.76,58.45,20.93,54.18,24.11
2026-05-22T12:22:15,A,74.11,89.13,59.66,20.13,52.07,23.56
2026-05-22T12:22:30,A,73.15,89.66,59.57,19.75,50.1,24.08
2026-05-22T12:22:45,A,72.66,87.84,68.34,18.44,45.94,24.73
2026-05-22T12:23:00,A,70.85,89.29,66.44,17.68,44.05,22.5
2026-05-22T12:23:15,A,73.97,92.05,64.17,22.68,49.26,21.7
2026-05-22T12:23:30,A,74.48,89.44,63.36,21.91,49.48,25.1
2026-05-22T12:23:45,A,76.81,90.22,66.17,17.84,48.45,23.87
2026-05-22T12:24:00,A,74.95,85.73,62.53,21.13,44.17,24.0
2026-05-22T12:24:15,A,71.82,88.01,57.29,21.21,50.35,22.71
2026-05-22T12:24:30,A,75.66,87.56,58.9,20.76,51.56,25.34
2026-05-22T12:24:45,A,74.12,90.55,61.32,19.85,44.59,24.33
2026-05-22T12:25:00,A,72.43,94.43,61.47,19.66,46.59,23.18
2026-05-22T12:25:15,A,73.9,91.53,57.56,22.25,54.06,23.53
2026-05-22T12:25:30,A,73.74,82.15,55.56,17.99,50.41,23.67
2026-05-22T12:25:45,A,76.01,91.58,54.3,19.81,45.85,24.9
2026-05-22T12:26:00,A,73.47,88.62,53.24,20.5,49.18,24.97
2026-05-22T12:26:15,A,71.99,86.99,56.45,21.49,47.91,24.12
2026-05-22T12:26:30,A,74.66,91.8,56.38,21.21,47.45,23.52
2026-05-22T12:26:45,A,75.08,89.06,60.39,16.43,44.51,24.62
2026-05-22T12:27:00,A,74.51,90.88,62.08,16.96,47.34,23.67
2026-05-22T12:27:15,A,74.54,85.78,61.21,21.98,50.32,23.09
2026-05-22T12:27:30,A,72.95,91.14,62.99,21.77,49.8,23.64
2026-05-22T12:27:45,A,75.88,85.89,63.2,19.61,53.81,24.49
2026-05-22T12:28:00,A,72.55,94.27,64.65,21.32,47.72,23.69
2026-05-22T12:28:15,A,78.38,90.43,51.89,20.51,48.96,23.93
2026-05-22T12:28:30,A,74.26,92.42,63.36,20.42,48.98,23.96
2026-05-22T12:28:45,A,76.16,91.38,64.62,21.88,47.94,24.82
2026-05-22T12:29:00,A,73.97,86.93,60.84,15.99,44.75,23.82
2026-05-22T12:29:15,A,71.84,87.55,61.17,20.87,49.95,25.16
2026-05-22T12:29:30,A,74.44,85.79,59.68,21.67,52.06,25.4
2026-05-22T12:29:45,A,74.61,94.41,59.93,21.06,54.43,23.81
2026-05-22T12:30:00,A,74.73,86.04,66.43,19.3,50.48,25.16
2026-05-22T12:30:15,A,75.51,84.62,59.14,20.37,49.19,22.46
2026-05-22T12:30:30,A,77.86,89.22,57.36,20.4,49.35,22.82
2026-05-22T12:30:45,A,71.32,93.98,58.49,19.09,44.7,25.74
2026-05-22T12:31:00,A,76.83,91.27,59.82,17.45,47.57,24.19
2026-05-22T12:31:15,A,76.36,92.89,56.32,23.29,52.3,24.0
2026-05-22T12:31:30,A,72.12,89.32,52.86,20.29,51.1,23.96
2026-05-22T12:31:45,A,75.75,94.37,58.23,20.66,45.3,24.46
2026-05-22T12:32:00,A,74.21,87.71,57.72,19.41,51.15,22.69
2026-05-22T12:32:15,A,74.21,89.88,56.7,22.69,47.44,23.33
2026-05-22T12:32:30,A,76.11,87.19,63.32,20.3,50.77,23.66
2026-05-22T12:32:45,A,73.91,95.45,56.19,22.3,49.67,24.3
2026-05-22T12:33:00,A,76.67,88.11,62.59,15.94,47.84,23.08
2026-05-22T12:33:15,A,75.77,92.11,60.72,19.0,51.11,24.12
2026-05-22T12:33:30,A,76.87,92.33,60.09,18.65,48.04,23.45
2026-05-22T12:33:45,A,76.43,89.85,60.05,20.21,48.45,23.07
2026-05-22T12:34:00,A,75.95,87.89,59.29,20.7,51.56,22.92
2026-05-22T12:34:15,A,72.74,87.53,63.57,19.78,43.34,22.6
2026-05-22T12:34:30,A,74.17,90.1,64.39,19.56,53.22,25.43
2026-05-22T12:34:45,A,77.87,90.85,54.11,20.69,53.15,23.92
2026-05-22T12:35:00,A,76.14,93.26,61.0,16.26,48.5,25.2
2026-05-22T12:35:15,A,72.91,95.35,65.04,18.67,50.44,23.32
2026-05-22T12:35:30,A,76.62,91.0,68.81,18.46,44.87,23.61
2026-05-22T12:35:45,A,73.0,87.23,57.14,20.78,48.48,23.82
2026-05-22T12:36:00,A,74.47,91.1,54.18,16.42,51.04,24.49
2026-05-22T12:36:15,A,76.64,89.41,60.89,22.5,43.63,24.41
2026-05-22T12:36:30,A,78.3,88.11,59.9,20.05,43.35,22.83
2026-05-22T12:36:45,A,76.74,90.97,62.47,19.75,53.61,24.01
2026-05-22T12:37:00,A,76.37,88.74,62.93,18.3,46.7,24.69
2026-05-22T12:37:15,A,76.78,88.18,59.4,22.1,54.62,25.57
2026-05-22T12:37:30,A,73.1,87.28,52.95,22.51,47.41,23.87
2026-05-22T12:37:45,A,74.25,86.09,61.32,17.85,47.49,21.89
2026-05-22T12:38:00,A,71.07,85.56,59.99,19.18,55.98,25.83
2026-05-22T12:38:15,A,76.5,88.21,55.51,19.98,49.48,23.56
2026-05-22T12:38:30,A,72.7,90.33,61.16,18.24,52.78,22.23
2026-05-22T12:38:45,A,73.73,88.3,65.61,18.72,57.32,24.44
2026-05-22T12:39:00,A,80.06,87.02,56.64,18.87,50.1,22.27
2026-05-22T12:39:15,A,75.3,89.12,58.15,21.35,47.52,25.85
2026-05-22T12:39:30,A,78.87,90.77,59.97,21.55,53.28,23.19
2026-05-22T12:39:45,A,75.82,92.0,55.95,19.32,45.96,23.1
2026-05-22T12:40:00,A,74.4,85.12,60.56,19.93,47.81,23.81
2026-05-22T12:40:15,A,72.05,95.42,58.1,19.85,53.03,27.53
2026-05-22T12:40:30,A,72.51,91.35,57.88,19.19,47.84,22.87
2026-05-22T12:40:45,A,76.89,90.17,61.27,19.3,48.9,24.29
2026-05-22T12:41:00,A,73.28,87.33,53.67,22.01,47.94,25.16
2026-05-22T12:41:15,A,77.14,86.14,56.73,23.84,55.25,23.97
2026-05-22T12:41:30,A,75.86,87.85,53.9,18.02,50.06,22.87
2026-05-22T12:41:45,A,73.44,92.56,60.74,19.99,52.64,24.48
2026-05-22T12:42:00,A,74.14,86.1,58.71,21.45,53.9,24.96
2026-05-22T12:42:15,A,71.32,92.69,58.9,21.05,46.0,25.17
2026-05-22T12:42:30,A,73.0,84.74,60.28,22.71,58.0,24.1
2026-05-22T12:42:45,A,77.23,90.7,61.5,19.49,50.59,24.54
2026-05-22T12:43:00,A,74.88,92.48,56.8,19.92,55.74,25.16
2026-05-22T12:43:15,A,75.64,93.01,64.68,17.07,46.05,25.31
2026-05-22T12:43:30,A,74.45,87.98,56.24,19.17,45.79,26.09
2026-05-22T12:43:45,A,76.18,92.89,62.84,21.61,48.11,23.7
2026-05-22T12:44:00,A,74.99,91.2,62.36,17.33,52.14,23.77
2026-05-22T12:44:15,A,78.22,94.06,64.04,22.17,50.87,24.03
2026-05-22T12:44:30,A,74.38,91.21,59.89,18.72,53.87,24.06
2026-05-22T12:44:45,A,73.89,90.1,63.41,20.6,50.93,22.87
2026-05-22T12:45:00,A,72.27,88.4,61.5,18.53,54.82,25.22
2026-05-22T12:45:15,A,71.86,87.2,53.14,18.83,52.3,23.59
2026-05-22T12:45:30,A,75.92,85.43,62.39,19.17,50.04,23.91
2026-05-22T12:45:45,A,76.94,91.2,63.15,20.49,50.43,22.27
2026-05-22T12:46:00,A,78.91,92.06,64.61,20.9,47.87,24.12
2026-05-22T12:46:15,A,74.23,89.38,64.82,16.88,53.62,23.06
2026-05-22T12:46:30,A,76.46,93.76,62.4,23.09,51.68,23.84
2026-05-22T12:46:45,A,73.44,88.04,59.07,16.84,50.41,22.11
2026-05-22T12:47:00,A,75.11,92.6,58.57,22.52,45.62,25.19
2026-05-22T12:47:15,A,80.42,89.81,57.37,17.89,49.34,23.87
2026-05-22T12:47:30,A,75.21,89.11,61.9,19.42,44.2,23.85
2026-05-22T12:47:45,A,73.04,90.49,63.94,18.58,53.18,23.57
2026-05-22T12:48:00,A,73.32,92.06,58.69,18.74,48.57,23.96
2026-05-22T12:48:15,A,75.05,91.87,60.58,21.96,49.78,23.82
2026-05-22T12:48:30,A,74.22,91.55,58.04,19.08,48.42,25.35
2026-05-22T12:48:45,A,75.07,84.96,60.93,20.71,51.77,21.35
2026-05-22T12:49:00,A,76.37,92.22,57.37,20.99,48.84,21.93
2026-05-22T12:49:15,A,73.29,88.79,60.82,19.91,51.64,22.66
2026-05-22T12:49:30,A,78.8,89.66,63.26,20.06,48.55,23.75
2026-05-22T12:49:45,A,77.75,91.08,63.56,18.55,48.76,23.28
2026-05-22T12:50:00,A,76.46,87.21,60.13,21.03,43.8,26.12
2026-05-22T12:50:15,A,75.32,90.1,59.75,21.49,52.24,24.3
2026-05-22T12:50:30,A,78.55,85.56,60.42,20.1,52.44,23.16
2026-05-22T12:50:45,A,75.56,94.47,56.19,21.73,57.1,23.62
2026-05-22T12:51:00,A,75.03,91.69,58.23,22.33,46.66,22.26
2026-05-22T12:51:15,A,74.59,99.35,59.96,18.32,49.83,23.95
2026-05-22T12:51:30,A,72.92,95.06,60.74,21.09,48.12,25.29
2026-05-22T12:51:45,A,74.49,90.83,57.2,18.5,52.06,23.56
2026-05-22T12:52:00,A,73.29,88.07,62.1,19.06,49.65,24.02
2026-05-22T12:52:15,A,75.67,87.79,63.17,21.45,52.16,25.82
2026-05-22T12:52:30,A,73.83,97.36,65.95,20.02,51.16,25.36
2026-05-22T12:52:45,A,74.71,88.03,62.62,20.12,50.55,23.17
2026-05-22T12:53:00,A,76.81,89.32,64.31,18.94,46.84,23.93
2026-05-22T12:53:15,A,73.45,94.1,65.9,19.94,53.75,22.94
2026-05-22T12:53:30,A,76.73,89.95,51.14,19.04,48.12,23.02
2026-05-22T12:53:45,A,73.35,86.82,57.85,21.68,48.02,23.49
2026-05-22T12:54:00,A,75.91,80.87,63.06,22.15,46.85,23.03
2026-05-22T12:54:15,A,75.45,84.16,56.65,22.31,47.22,25.24
2026-05-22T12:54:30,A,76.27,89.65,58.63,20.37,51.42,24.71
2026-05-22T12:54:45,A,72.25,88.58,68.83,21.09,57.11,25.4
2026-05-22T12:55:00,A,75.48,90.9,59.89,17.39,50.05,25.21
2026-05-22T12:55:15,A,76.7,87.27,58.65,18.47,47.53,22.71
2026-05-22T12:55:30,A,73.17,90.38,58.49,21.77,53.93,24.86
2026-05-22T12:55:45,A,72.62,95.83,57.72,21.0,53.18,23.44
2026-05-22T12:56:00,A,78.46,88.59,56.14,19.24,50.63,24.06
2026-05-22T12:56:15,A,75.94,95.92,61.39,20.91,51.72,24.4
2026-05-22T12:56:30,A,74.37,87.61,59.25,20.47,49.05,24.31
2026-05-22T12:56:45,A,77.57,90.23,56.08,19.48,50.13,22.16
2026-05-22T12:57:00,A,75.76,94.1,58.11,20.86,49.67,23.82
2026-05-22T12:57:15,A,74.25,92.1,54.37,21.77,53.16,24.1
2026-05-22T12:57:30,A,79.58,84.71,62.35,18.63,49.94,23.75
2026-05-22T12:57:45,A,72.73,93.09,54.62,20.81,49.02,22.83
2026-05-22T12:58:00,A,75.08,85.73,61.38,18.61,48.65,24.29
2026-05-22T12:58:15,A,71.97,91.89,65.29,24.19,50.27,24.79
2026-05-22T12:58:30,A,76.55,88.55,63.71,19.62,48.63,24.48
2026-05-22T12:58:45,A,72.89,86.85,57.27,21.14,48.15,22.65
2026-05-22T12:59:00,A,72.64,86.54,66.33,18.71,49.03,23.63
2026-05-22T12:59:15,A,76.9,89.08,56.29,21.91,49.71,25.73
2026-05-22T12:59:30,A,70.51,90.59,65.76,19.47,49.32,24.3
2026-05-22T12:59:45,A,73.88,89.06,58.99,19.06,53.69,24.46
2026-05-22T13:00:00,A,74.47,87.68,58.19,20.0,46.82,23.5
2026-05-22T13:00:15,A,69.45,89.46,65.18,20.18,52.26,24.1
2026-05-22T13:00:30,A,75.41,87.67,57.6,19.25,55.23,26.4
2026-05-22T13:00:45,A,72.65,91.41,65.35,19.63,42.86,24.67
2026-05-22T13:01:00,A,75.35,91.35,59.78,18.81,53.05,23.6
2026-05-22T13:01:15,A,77.52,91.85,60.26,19.34,48.41,22.92
2026-05-22T13:01:30,A,73.53,89.07,61.83,19.94,52.38,25.35
2026-05-22T13:01:45,A,75.02,87.06,62.22,22.52,51.03,25.92
2026-05-22T13:02:00,A,76.71,90.79,63.94,19.98,47.4,23.79
2026-05-22T13:02:15,A,71.93,86.61,62.92,21.31,51.09,22.28
2026-05-22T13:02:30,A,74.28,86.33,63.53,19.12,46.74,24.03
2026-05-22T13:02:45,A,73.53,85.8,53.54,19.95,48.31,22.57
2026-05-22T13:03:00,A,77.38,92.0,59.92,22.05,51.99,23.18
2026-05-22T13:03:15,A,75.79,90.51,57.46,20.91,47.73,23.9
2026-05-22T13:03:30,A,71.85,86.84,62.98,20.38,49.61,23.49
2026-05-22T13:03:45,A,75.61,87.81,57.31,19.04,48.87,23.95
2026-05-22T13:04:00,A,73.38,88.83,64.52,18.38,50.49,25.5
2026-05-22T13:04:15,A,73.4,88.49,57.59,18.9,58.17,24.84
2026-05-22T13:04:30,A,77.2,91.48,55.18,20.59,53.22,23.15
2026-05-22T13:04:45,A,76.93,92.11,65.56,19.37,46.71,23.64
2026-05-22T13:05:00,A,70.86,90.27,58.67,20.01,52.84,23.45
2026-05-22T13:05:15,A,73.01,86.82,63.31,19.42,49.81,24.48
2026-05-22T13:05:30,A,78.04,83.59,62.28,18.74,54.12,24.14
2026-05-22T13:05:45,A,76.79,91.93,56.91,19.27,49.99,23.96
2026-05-22T13:06:00,A,75.67,89.13,57.48,18.89,49.36,20.4
2026-05-22T13:06:15,A,76.07,87.58,59.35,22.31,52.98,24.9
2026-05-22T13:06:30,A,74.0,91.63,59.3,19.71,51.23,23.4
2026-05-22T13:06:45,A,76.24,94.37,63.09,17.89,51.33,24.85
2026-05-22T13:07:00,A,73.69,92.98,57.71,19.55,54.73,23.95
2026-05-22T13:07:15,A,75.67,86.0,59.26,20.5,53.9,24.67
2026-05-22T13:07:30,A,73.57,93.54,59.1,18.15,49.48,25.44
2026-05-22T13:07:45,A,78.27,85.71,56.14,17.58,51.12,24.17
2026-05-22T13:08:00,A,74.19,90.01,60.35,17.49,58.13,24.52
2026-05-22T13:08:15,A,76.42,89.58,58.11,20.9,51.16,23.19
2026-05-22T13:08:30,A,76.46,94.18,60.07,20.48,52.43,23.28
2026-05-22T13:08:45,A,73.09,96.95,55.78,18.05,53.94,24.71
2026-05-22T13:09:00,A,77.94,89.91,67.8,17.41,52.08,25.17
2026-05-22T13:09:15,A,74.42,91.33,62.45,20.9,53.12,22.98
2026-05-22T13:09:30,A,74.23,93.05,60.32,23.91,50.58,24.06
2026-05-22T13:09:45,A,74.88,93.38,60.34,18.81,47.22,23.55
2026-05-22T13:10:00,A,72.32,89.04,60.43,17.25,47.5,23.32
2026-05-22T13:10:15,A,74.68,88.33,61.28,22.58,54.92,22.08
2026-05-22T13:10:30,A,75.31,88.81,60.35,20.23,48.26,23.1
2026-05-22T13:10:45,A,76.2,92.56,58.52,20.43,52.89,25.17
2026-05-22T13:11:00,A,74.88,89.34,60.57,18.28,49.42,24.74
2026-05-22T13:11:15,A,76.28,89.19,60.65,18.76,52.11,23.92
2026-05-22T13:11:30,A,74.87,88.66,61.97,19.41,54.78,25.47
2026-05-22T13:11:45,A,73.7,89.02,66.01,19.54,51.08,24.54
2026-05-22T13:12:00,A,73.0,87.43,56.38,18.67,41.45,24.54
2026-05-22T13:12:15,A,72.17,88.07,58.62,18.47,52.58,24.81
2026-05-22T13:12:30,A,78.05,95.71,68.6,18.65,58.47,23.65
2026-05-22T13:12:45,A,73.84,91.2,56.04,19.64,53.86,23.94
2026-05-22T13:13:00,A,77.34,85.03,61.75,19.6,50.5,25.06
2026-05-22T13:13:15,A,71.13,88.35,63.99,19.82,45.98,23.51
2026-05-22T13:13:30,A,75.78,86.48,63.34,19.89,50.26,23.72
2026-05-22T13:13:45,A,75.67,91.69,59.36,20.81,48.99,24.0
2026-05-22T13:14:00,A,74.45,88.63,57.93,20.7,53.93,25.17
2026-05-22T13:14:15,A,72.49,93.87,59.05,20.9,47.28,24.14
2026-05-22T13:14:30,A,75.63,85.55,61.82,22.02,49.48,25.36
2026-05-22T13:14:45,A,70.56,97.26,64.49,19.57,44.08,24.29
2026-05-22T13:15:00,A,72.11,91.33,61.23,18.59,53.36,24.81
2026-05-22T13:15:15,A,72.17,92.93,59.19,17.92,54.06,26.1
2026-05-22T13:15:30,A,75.18,88.86,58.11,22.46,47.66,24.74
2026-05-22T13:15:45,A,77.06,88.86,58.79,21.7,54.79,24.64
2026-05-22T13:16:00,A,75.16,90.96,57.04,21.08,50.26,22.28
2026-05-22T13:16:15,A,74.85,95.67,60.71,18.74,50.66,23.65
2026-05-22T13:16:30,A,75.65,91.74,63.63,19.96,54.92,24.91
2026-05-22T13:16:45,A,73.59,96.63,60.98,18.75,54.96,26.08
2026-05-22T13:17:00,A,74.66,92.14,63.83,20.86,50.31,25.5
2026-05-22T13:17:15,A,74.42,91.29,59.66,19.92,48.87,25.34
2026-05-22T13:17:30,A,79.24,92.93,52.84,19.15,44.56,23.05
2026-05-22T13:17:45,A,72.72,90.18,55.12,20.12,48.76,25.5
2026-05-22T13:18:00,A,74.35,95.96,55.34,17.89,49.75,26.25
2026-05-22T13:18:15,A,74.6,89.45,55.67,21.42,52.86,24.79
2026-05-22T13:18:30,A,72.41,90.25,56.76,18.23,48.73,23.51
2026-05-22T13:18:45,A,75.16,89.14,60.55,18.51,50.32,24.15
2026-05-22T13:19:00,A,73.24,90.27,63.49,21.39,50.1,23.64
2026-05-22T13:19:15,A,73.76,87.62,53.78,20.23,49.75,25.14
2026-05-22T13:19:30,A,73.61,93.41,58.41,21.17,45.62,24.24
2026-05-22T13:19:45,A,75.88,88.44,56.85,21.27,49.69,23.51
2026-05-22T13:20:00,A,75.08,97.91,63.46,21.74,51.31,24.17
2026-05-22T13:20:15,A,70.21,87.96,58.56,17.19,46.53,22.02
2026-05-22T13:20:30,A,74.92,92.46,63.32,20.62,47.11,22.07
2026-05-22T13:20:45,A,73.22,89.52,56.96,20.51,49.3,24.01
2026-05-22T13:21:00,A,75.84,89.96,59.0,21.33,52.64,23.05
2026-05-22T13:21:15,A,74.45,91.76,60.84,22.75,45.41,23.88
2026-05-22T13:21:30,A,71.77,91.04,58.11,18.9,45.66,23.53
2026-05-22T13:21:45,A,76.26,94.99,60.79,19.16,51.4,23.46
2026-05-22T13:22:00,A,76.85,88.84,60.55,18.45,51.31,23.24
2026-05-22T13:22:15,A,76.58,89.93,54.7,24.49,55.24,24.72
2026-05-22T13:22:30,A,73.49,89.66,58.37,21.9,50.79,23.22
2026-05-22T13:22:45,A,74.06,93.36,64.8,22.29,52.27,23.75
2026-05-22T13:23:00,A,75.0,90.42,60.16,18.01,51.67,24.63
2026-05-22T13:23:15,A,76.21,88.77,59.79,20.14,50.32,25.0
2026-05-22T13:23:30,A,79.41,90.24,48.49,21.86,48.38,23.2
2026-05-22T13:23:45,A,76.22,85.32,56.77,20.51,51.87,24.64
2026-05-22T13:24:00,A,73.99,90.72,64.46,16.93,49.34,22.67
2026-05-22T13:24:15,A,76.09,91.35,62.76,19.28,48.7,26.19
2026-05-22T13:24:30,A,75.01,84.46,53.87,19.13,53.17,24.79
2026-05-22T13:24:45,A,76.83,87.04,64.85,18.55,50.64,23.99
2026-05-22T13:25:00,A,74.65,94.02,57.88,17.98,50.06,23.6
2026-05-22T13:25:15,A,74.18,86.83,54.36,18.46,50.34,25.43
2026-05-22T13:25:30,A,74.35,90.81,58.44,22.58,49.43,23.91
2026-05-22T13:25:45,A,76.67,86.8,57.75,21.19,45.57,25.06
2026-05-22T13:26:00,A,73.94,88.83,56.63,20.57,57.38,24.78
2026-05-22T13:26:15,A,73.27,93.41,59.05,22.06,52.42,21.06
2026-05-22T13:26:30,A,75.3,86.93,58.1,17.14,49.73,26.21
2026-05-22T13:26:45,A,76.76,93.08,65.92,20.57,49.44,25.03
2026-05-22T13:27:00,A,73.56,90.42,62.49,21.2,45.73,25.91
2026-05-22T13:27:15,A,73.19,98.09,60.73,18.72,52.59,24.77
2026-05-22T13:27:30,A,73.35,88.52,53.97,18.01,55.42,25.64
2026-05-22T13:27:45,A,74.68,89.27,60.17,19.81,49.35,25.14
2026-05-22T13:28:00,A,77.06,91.16,57.09,17.97,50.45,23.83
2026-05-22T13:28:15,A,80.17,86.01,54.03,20.5,48.87,24.32
2026-05-22T13:28:30,A,71.99,88.33,61.29,21.16,56.58,24.96
2026-05-22T13:28:45,A,73.87,88.22,61.97,20.39,46.03,23.56
2026-05-22T13:29:00,A,76.14,91.15,64.88,20.35,48.84,23.08
2026-05-22T13:29:15,A,74.63,89.38,55.91,18.61,52.43,24.23
2026-05-22T13:29:30,A,75.19,93.73,60.37,17.81,54.89,24.37
2026-05-22T13:29:45,A,75.79,89.65,64.72,19.48,47.49,24.9
2026-05-22T13:30:00,A,76.35,89.89,60.7,21.75,51.88,23.83
2026-05-22T13:30:15,A,79.1,84.88,58.12,19.94,49.56,25.01
2026-05-22T13:30:30,A,73.84,90.89,59.81,20.14,48.35,23.49
2026-05-22T13:30:45,A,75.57,92.83,58.21,18.7,51.84,23.97
2026-05-22T13:31:00,A,71.44,88.4,57.7,19.88,48.09,24.74
2026-05-22T13:31:15,A,75.32,90.58,59.93,20.77,47.61,25.4
2026-05-22T13:31:30,A,75.38,87.45,62.0,23.31,47.64,24.33
2026-05-22T13:31:45,A,73.23,88.13,56.7,21.1,53.02,24.02
2026-05-22T13:32:00,A,73.5,83.51,61.38,18.34,52.97,23.62
2026-05-22T13:32:15,A,72.58,88.3,59.77,22.31,48.02,23.41
2026-05-22T13:32:30,A,75.31,85.35,66.64,17.98,49.03,23.97
2026-05-22T13:32:45,A,78.97,92.27,61.25,18.52,51.71,23.28
2026-05-22T13:33:00,A,74.77,88.33,57.04,21.11,51.61,25.21
2026-05-22T13:33:15,A,80.01,88.65,65.69,19.61,45.88,23.69
2026-05-22T13:33:30,A,77.1,87.49,58.2,20.89,50.01,24.58
2026-05-22T13:33:45,A,74.14,90.7,57.22,21.93,48.1,25.13
2026-05-22T13:34:00,A,74.01,86.95,54.77,18.42,49.03,24.21
2026-05-22T13:34:15,A,73.24,85.67,61.44,22.07,53.8,24.71
2026-05-22T13:34:30,A,76.28,95.09,61.0,20.97,49.04,22.64
2026-05-22T13:34:45,A,75.12,95.78,60.24,21.77,48.69,23.69
2026-05-22T13:35:00,A,76.05,90.02,62.83,20.27,48.94,26.15
2026-05-22T13:35:15,A,74.2,92.13,62.78,20.31,42.94,24.02
2026-05-22T13:35:30,A,75.89,84.83,57.84,20.62,51.23,25.21
2026-05-22T13:35:45,A,75.03,87.04,53.23,20.65,50.52,23.38
2026-05-22T13:36:00,A,74.47,91.67,65.59,16.79,47.9,23.79
2026-05-22T13:36:15,A,78.87,90.41,59.71,19.7,48.69,25.05
2026-05-22T13:36:30,A,74.23,87.71,67.76,20.63,51.84,25.14
2026-05-22T13:36:45,A,69.98,87.69,58.62,20.87,50.66,23.83
2026-05-22T13:37:00,A,74.98,87.07,55.51,21.09,52.08,25.58
2026-05-22T13:37:15,A,73.42,92.08,59.15,21.79,53.07,24.21
2026-05-22T13:37:30,A,76.29,87.95,56.02,19.57,54.55,25.15
2026-05-22T13:37:45,A,77.55,86.59,61.53,19.08,54.85,23.23
2026-05-22T13:38:00,A,75.5,84.09,53.39,19.67,50.74,22.87
2026-05-22T13:38:15,A,76.13,89.59,62.34,18.24,48.93,25.65
2026-05-22T13:38:30,A,79.61,85.8,62.39,22.5,49.03,24.86
2026-05-22T13:38:45,A,75.77,92.4,63.36,22.35,49.8,25.19
2026-05-22T13:39:00,A,75.41,91.34,61.27,17.59,46.63,24.1
2026-05-22T13:39:15,A,76.74,90.98,56.64,22.07,56.11,24.15
2026-05-22T13:39:30,A,76.02,90.61,61.59,19.82,49.9,24.91
2026-05-22T13:39:45,A,74.79,86.46,64.78,19.12,45.67,24.64
2026-05-22T13:40:00,A,78.49,91.99,60.61,20.61,54.24,23.13
2026-05-22T13:40:15,A,72.66,89.01,63.32,20.85,51.93,24.15
2026-05-22T13:40:30,A,74.38,90.58,60.83,20.48,49.58,23.62
2026-05-22T13:40:45,A,75.83,89.3,58.65,19.8,50.88,22.12
2026-05-22T13:41:00,A,75.41,89.28,64.43,17.78,47.75,25.52
2026-05-22T13:41:15,A,79.1,87.92,59.7,19.59,44.14,23.69
2026-05-22T13:41:30,A,76.24,88.87,58.03,21.9,48.51,24.29
2026-05-22T13:41:45,A,76.94,86.11,56.44,20.87,49.81,23.54
2026-05-22T13:42:00,A,75.1,92.34,58.87,22.35,47.64,24.66
2026-05-22T13:42:15,A,74.31,93.43,63.47,19.74,47.8,24.96
2026-05-22T13:42:30,A,72.59,90.68,61.89,19.55,52.04,23.29
2026-05-22T13:42:45,A,70.77,88.73,60.19,19.59,46.52,22.18
2026-05-22T13:43:00,A,77.51,93.56,57.55,18.27,51.49,24.64
2026-05-22T13:43:15,A,73.27,89.91,61.46,21.15,50.43,24.33
2026-05-22T13:43:30,A,75.63,90.2,59.19,20.12,51.45,24.27
2026-05-22T13:43:45,A,75.53,88.05,62.65,17.95,46.76,24.34
2026-05-22T13:44:00,A,74.23,88.18,58.54,21.42,52.12,23.98
2026-05-22T13:44:15,A,77.84,91.78,57.88,21.08,49.79,23.71
2026-05-22T13:44:30,A,74.31,90.36,58.5,21.0,55.61,23.25
2026-05-22T13:44:45,A,74.7,88.01,60.62,20.2,45.19,22.19
2026-05-22T13:45:00,A,74.15,85.03,61.41,21.91,50.83,23.15
2026-05-22T13:45:15,A,77.12,90.25,54.7,19.55,51.39,23.67
2026-05-22T13:45:30,A,76.13,88.05,53.53,19.44,52.94,23.61
2026-05-22T13:45:45,A,75.68,89.61,59.8,19.6,49.09,24.53
2026-05-22T13:46:00,A,72.75,96.14,61.59,20.46,46.83,24.62
2026-05-22T13:46:15,A,73.05,90.48,58.73,18.85,52.2,22.46
2026-05-22T13:46:30,A,73.24,87.54,59.33,20.42,49.54,24.43
2026-05-22T13:46:45,A,71.57,92.48,65.05,20.59,46.74,23.88
2026-05-22T13:47:00,A,72.3,89.1,56.99,20.19,48.9,24.18
2026-05-22T13:47:15,A,76.25,89.85,57.03,23.36,51.43,23.85
2026-05-22T13:47:30,A,74.71,91.04,57.04,19.78,49.4,24.18
2026-05-22T13:47:45,A,75.48,86.37,57.18,19.18,49.15,25.05
2026-05-22T13:48:00,A,76.91,89.1,61.38,19.79,50.77,23.77
2026-05-22T13:48:15,A,76.33,85.36,58.91,20.44,51.6,25.49
2026-05-22T13:48:30,A,73.68,93.99,62.45,18.63,50.92,23.95
2026-05-22T13:48:45,A,74.39,94.11,59.7,21.24,49.32,25.67
2026-05-22T13:49:00,A,78.05,88.67,64.8,21.34,49.54,22.19
2026-05-22T13:49:15,A,74.96,90.3,63.5,22.38,47.95,24.8
2026-05-22T13:49:30,A,76.0,84.17,59.53,18.27,49.39,24.98
2026-05-22T13:49:45,A,75.68,86.11,52.44,20.22,49.36,23.02
2026-05-22T13:50:00,A,74.27,90.67,60.57,22.41,46.89,24.88
2026-05-22T13:50:15,A,76.42,88.7,59.96,19.64,51.47,22.82
2026-05-22T13:50:30,A,77.05,88.74,60.65,20.44,51.21,22.17
2026-05-22T13:50:45,A,75.99,89.02,61.27,18.31,49.79,23.66
2026-05-22T13:51:00,A,75.71,87.39,55.55,21.73,49.69,24.04
2026-05-22T13:51:15,A,76.38,87.45,64.48,21.09,52.77,23.48
2026-05-22T13:51:30,A,78.64,85.1,56.8,17.47,49.68,25.61
2026-05-22T13:51:45,A,77.05,87.62,59.61,19.13,52.09,23.65
2026-05-22T13:52:00,A,77.96,83.77,60.32,19.25,48.98,25.02
2026-05-22T13:52:15,A,77.81,84.82,64.6,20.63,55.54,24.54
2026-05-22T13:52:30,A,78.18,84.66,64.84,21.09,49.75,25.38
2026-05-22T13:52:45,A,78.86,83.19,61.71,18.78,51.71,24.99
2026-05-22T13:53:00,A,79.47,81.97,59.42,21.58,48.17,24.8
2026-05-22T13:53:15,A,79.7,82.04,58.9,19.84,50.3,24.62
2026-05-22T13:53:30,A,79.9,80.46,55.09,20.1,52.6,23.61
2026-05-22T13:53:45,A,80.44,80.54,57.59,21.33,51.39,23.19
2026-05-22T13:54:00,A,79.81,79.73,60.85,21.23,50.69,24.25
2026-05-22T13:54:15,A,79.34,80.41,61.38,21.97,46.03,26.32
2026-05-22T13:54:30,A,79.99,78.54,61.33,18.81,53.12,24.75
2026-05-22T13:54:45,A,82.97,77.85,65.99,20.44,47.04,23.15
2026-05-22T13:55:00,A,81.9,76.24,58.65,21.77,52.92,24.1
2026-05-22T13:55:15,A,82.19,76.98,60.97,20.75,46.37,23.69
2026-05-22T13:55:30,A,82.23,74.65,57.91,19.91,47.32,25.2
2026-05-22T13:55:45,A,83.43,75.87,58.68,16.95,47.06,23.99
2026-05-22T13:56:00,A,83.55,75.29,61.06,18.93,46.01,23.59
2026-05-22T13:56:15,A,84.59,74.01,59.94,21.68,55.28,25.83
2026-05-22T13:56:30,A,84.47,73.17,58.01,18.5,42.04,22.7
2026-05-22T13:56:45,A,85.36,71.94,54.57,19.13,50.26,22.99
2026-05-22T13:57:00,A,83.46,72.54,65.82,20.14,50.49,23.04
2026-05-22T13:57:15,A,86.14,71.94,58.89,18.37,47.89,22.99
2026-05-22T13:57:30,A,85.78,72.14,56.49,21.03,53.43,23.75
2026-05-22T13:57:45,A,88.04,71.58,62.76,18.16,50.54,24.91
2026-05-22T13:58:00,A,87.26,71.54,63.92,20.36,48.02,22.83
2026-05-22T13:58:15,A,85.69,69.55,61.55,19.21,48.89,23.47
2026-05-22T13:58:30,A,86.69,68.77,57.2,20.12,54.19,24.44
2026-05-22T13:58:45,A,89.25,65.57,64.0,17.8,51.56,21.8
2026-05-22T13:59:00,A,88.94,67.81,62.36,17.88,51.61,24.85
2026-05-22T13:59:15,A,88.03,67.76,63.18,21.48,45.56,21.39
2026-05-22T13:59:30,A,87.84,66.83,56.9,19.88,49.79,24.55
2026-05-22T13:59:45,A,86.65,64.04,68.2,18.69,51.69,24.93
2026-05-22T14:00:00,A,88.17,65.75,59.43,18.67,51.32,24.71
2026-05-22T14:00:15,A,88.11,63.66,56.61,21.73,48.96,25.67
2026-05-22T14:00:30,A,87.4,65.18,58.9,18.34,51.6,23.43
2026-05-22T14:00:45,A,88.95,64.23,58.48,21.49,51.11,22.29
2026-05-22T14:01:00,A,89.77,66.33,60.05,20.93,48.61,24.85
2026-05-22T14:01:15,A,91.01,68.14,62.39,18.31,49.06,24.92
2026-05-22T14:01:30,A,88.88,65.91,57.22,20.65,50.5,23.09
2026-05-22T14:01:45,A,88.92,66.23,58.76,19.88,47.72,24.09
2026-05-22T14:02:00,A,90.43,65.19,58.4,20.93,48.88,24.59
2026-05-22T14:02:15,A,86.21,64.86,61.24,22.36,44.43,23.49
2026-05-22T14:02:30,A,91.39,66.57,61.75,19.35,45.77,24.28
2026-05-22T14:02:45,A,90.79,65.4,60.63,19.93,48.7,24.39
2026-05-22T14:03:00,A,89.76,65.39,55.82,19.27,50.14,23.7
2026-05-22T14:03:15,A,89.3,63.82,58.79,17.03,46.67,23.73
2026-05-22T14:03:30,A,89.37,65.06,61.35,22.21,48.46,24.14
2026-05-22T14:03:45,A,88.42,67.01,57.86,21.66,51.87,24.41
2026-05-22T14:04:00,A,90.85,64.1,62.46,19.3,47.61,25.02
2026-05-22T14:04:15,A,88.14,64.15,64.23,19.81,52.01,24.75
2026-05-22T14:04:30,A,87.61,65.15,65.18,22.61,51.82,23.4
2026-05-22T14:04:45,A,88.53,65.9,57.52,20.36,46.34,26.23
2026-05-22T14:05:00,A,88.76,66.65,62.29,19.79,48.0,22.92
2026-05-22T14:05:15,A,89.99,65.19,62.23,19.07,45.35,25.41
2026-05-22T14:05:30,A,87.26,65.69,58.94,23.69,49.07,23.45
2026-05-22T14:05:45,A,88.33,66.99,60.65,23.63,55.94,22.59
2026-05-22T14:06:00,A,88.26,66.75,61.5,18.46,50.67,24.32
2026-05-22T14:06:15,A,90.46,67.7,61.62,22.88,47.09,23.5
2026-05-22T14:06:30,A,86.42,64.68,61.97,19.32,46.3,23.34
2026-05-22T14:06:45,A,87.75,67.4,63.37,21.02,50.58,25.52
2026-05-22T14:07:00,A,85.76,67.64,59.84,20.42,48.97,24.23
2026-05-22T14:07:15,A,87.04,68.08,60.56,20.58,46.92,22.4
2026-05-22T14:07:30,A,88.84,68.12,58.81,17.92,52.96,23.22
2026-05-22T14:07:45,A,85.55,68.73,61.45,19.55,57.59,23.77
2026-05-22T14:08:00,A,85.8,66.92,57.58,17.3,50.37,24.1
2026-05-22T14:08:15,A,86.7,66.76,59.56,19.59,55.13,24.67
2026-05-22T14:08:30,A,87.07,68.59,62.93,19.37,50.58,23.44
2026-05-22T14:08:45,A,85.28,70.31,61.28,17.01,51.78,23.45
2026-05-22T14:09:00,A,86.0,68.56,60.39,19.19,50.85,23.7
2026-05-22T14:09:15,A,84.72,70.06,60.69,22.72,49.11,24.63
2026-05-22T14:09:30,A,85.13,69.87,61.7,19.91,52.59,22.87
2026-05-22T14:09:45,A,85.82,69.26,60.37,18.19,52.27,23.16
2026-05-22T14:10:00,A,85.86,71.62,60.51,19.93,46.56,23.78
2026-05-22T14:10:15,A,86.58,72.18,55.23,20.6,49.93,24.61
2026-05-22T14:10:30,A,84.64,72.08,58.66,19.53,50.01,23.78
2026-05-22T14:10:45,A,84.6,73.1,58.73,19.19,42.54,22.96
2026-05-22T14:11:00,A,85.78,71.8,60.47,18.35,54.69,24.8
2026-05-22T14:11:15,A,83.48,72.2,55.75,18.83,48.8,24.5
2026-05-22T14:11:30,A,87.23,74.29,60.56,16.96,48.3,24.28
2026-05-22T14:11:45,A,82.82,74.77,57.09,21.68,53.21,22.76
2026-05-22T14:12:00,A,82.57,73.59,54.91,18.04,47.22,22.95
2026-05-22T14:12:15,A,84.84,74.83,62.86,19.87,51.22,23.78
2026-05-22T14:12:30,A,83.0,74.25,62.21,17.17,45.06,22.47
2026-05-22T14:12:45,A,83.36,73.91,58.67,19.59,54.84,24.95
2026-05-22T14:13:00,A,83.36,73.74,61.91,23.48,53.19,25.41
2026-05-22T14:13:15,A,84.02,75.6,63.95,19.19,49.44,24.1
2026-05-22T14:13:30,A,84.1,75.1,57.5,19.65,52.06,24.55
2026-05-22T14:13:45,A,82.15,76.06,60.94,21.29,46.21,22.09
2026-05-22T14:14:00,A,82.55,77.38,67.41,18.42,47.15,23.71
2026-05-22T14:14:15,A,82.67,76.99,62.67,21.54,50.04,24.33
2026-05-22T14:14:30,A,83.0,78.83,58.24,22.44,57.41,23.48
2026-05-22T14:14:45,A,82.48,76.29,58.92,21.91,48.26,25.49
2026-05-22T14:15:00,A,81.69,76.51,59.43,21.13,48.3,23.15
2026-05-22T14:15:15,A,80.95,77.59,58.0,21.26,54.93,25.0
2026-05-22T14:15:30,A,81.19,79.25,60.52,18.72,49.56,23.59
2026-05-22T14:15:45,A,82.31,77.52,58.19,22.19,50.32,22.53
2026-05-22T14:16:00,A,80.36,77.25,60.33,22.6,51.77,24.84
2026-05-22T14:16:15,A,79.99,78.24,57.9,20.65,49.57,24.17
2026-05-22T14:16:30,A,80.49,78.39,56.9,20.21,52.6,25.0
2026-05-22T14:16:45,A,80.26,80.04,57.95,18.34,48.47,22.68
2026-05-22T14:17:00,A,81.09,80.37,62.18,16.8,47.26,24.04
2026-05-22T14:17:15,A,80.35,80.81,62.6,21.0,53.61,25.21
2026-05-22T14:17:30,A,79.44,78.78,54.98,19.25,47.37,23.51
2026-05-22T14:17:45,A,80.49,80.38,61.91,18.76,46.2,24.49
2026-05-22T14:18:00,A,79.69,82.34,65.34,19.02,51.29,24.02
2026-05-22T14:18:15,A,79.68,82.5,55.5,17.87,48.75,22.46
2026-05-22T14:18:30,A,80.02,82.08,59.8,18.52,51.89,25.42
2026-05-22T14:18:45,A,76.65,81.04,60.97,18.45,47.43,23.73
2026-05-22T14:19:00,A,77.37,81.2,59.46,21.13,48.16,23.17
2026-05-22T14:19:15,A,78.87,82.42,60.1,18.72,48.63,22.59
2026-05-22T14:19:30,A,78.23,84.34,55.52,19.75,50.85,23.9
2026-05-22T14:19:45,A,78.79,82.92,65.31,21.36,51.92,24.36
2026-05-22T14:20:00,A,79.05,84.87,55.74,20.34,52.21,24.62
2026-05-22T14:20:15,A,77.24,86.18,57.49,19.6,53.23,23.98
2026-05-22T14:20:30,A,78.72,85.41,63.87,20.46,50.88,24.21
2026-05-22T14:20:45,A,79.17,83.18,60.03,18.97,49.07,24.4
2026-05-22T14:21:00,A,76.83,82.26,63.56,20.78,53.95,23.8
2026-05-22T14:21:15,A,78.55,85.4,58.4,18.77,52.87,22.8
2026-05-22T14:21:30,A,79.19,84.39,58.34,17.22,51.53,25.65
2026-05-22T14:21:45,A,76.2,84.89,61.32,20.1,50.99,23.08
2026-05-22T14:22:00,A,77.25,86.03,63.47,19.72,49.35,23.37
2026-05-22T14:22:15,A,76.22,86.73,68.05,19.01,53.83,24.51
2026-05-22T14:22:30,A,76.42,88.04,61.53,19.37,48.57,23.91
2026-05-22T14:22:45,A,75.01,87.94,66.08,21.39,48.8,22.47
2026-05-22T14:23:00,A,75.68,85.8,56.86,18.22,52.62,23.17
2026-05-22T14:23:15,A,74.28,87.85,56.37,19.17,49.22,24.25
2026-05-22T14:23:30,A,76.83,87.72,64.33,18.64,45.82,23.37
2026-05-22T14:23:45,A,75.6,87.71,59.35,18.87,44.73,24.05
2026-05-22T14:24:00,A,74.6,87.46,61.1,19.52,48.93,24.67
2026-05-22T14:24:15,A,75.16,89.73,60.85,20.5,51.09,23.47
2026-05-22T14:24:30,A,74.89,89.1,58.14,21.98,53.63,24.24
2026-05-22T14:24:45,A,74.57,89.74,65.94,17.69,43.83,24.27
2026-05-22T14:25:00,A,73.87,90.12,65.27,20.84,51.82,22.93
2026-05-22T14:25:15,A,78.54,86.96,57.61,17.79,50.26,24.04
2026-05-22T14:25:30,A,73.42,92.62,56.27,18.92,50.36,22.87
2026-05-22T14:25:45,A,74.41,88.04,59.61,19.16,50.79,22.68
2026-05-22T14:26:00,A,71.0,86.49,58.66,20.81,52.67,24.81
2026-05-22T14:26:15,A,73.2,89.8,60.05,17.95,48.68,24.58
2026-05-22T14:26:30,A,73.74,89.4,65.09,22.99,43.52,24.11
2026-05-22T14:26:45,A,80.83,91.44,60.06,21.97,50.65,24.71
2026-05-22T14:27:00,A,75.85,92.6,58.7,19.31,44.22,23.61
2026-05-22T14:27:15,A,73.01,84.29,59.57,21.39,48.56,22.56
2026-05-22T14:27:30,A,77.48,89.23,63.16,21.42,46.47,25.25
2026-05-22T14:27:45,A,78.52,89.62,54.17,18.94,47.14,23.32
2026-05-22T14:28:00,A,74.41,89.71,61.76,18.88,53.54,22.77
2026-05-22T14:28:15,A,74.65,90.58,57.1,19.23,54.7,24.75
2026-05-22T14:28:30,A,73.57,95.22,61.23,20.8,50.51,23.39
2026-05-22T14:28:45,A,71.79,87.79,60.58,17.65,50.38,23.01
2026-05-22T14:29:00,A,73.28,93.9,60.11,18.64,50.56,22.53
2026-05-22T14:29:15,A,76.32,96.47,54.18,20.19,45.97,23.83
2026-05-22T14:29:30,A,74.88,89.76,63.02,19.92,55.49,24.67
2026-05-22T14:29:45,A,78.97,88.03,59.97,19.02,46.93,22.8
2026-05-22T14:30:00,A,75.21,84.09,59.27,21.59,51.9,24.43
2026-05-22T14:30:15,A,77.08,88.65,59.75,19.7,52.02,25.84
2026-05-22T14:30:30,A,74.38,85.96,62.82,20.01,51.82,23.61
2026-05-22T14:30:45,A,72.92,87.4,55.4,18.1,45.58,22.96
2026-05-22T14:31:00,A,75.71,91.18,63.52,19.88,47.66,26.21
2026-05-22T14:31:15,A,75.17,90.87,59.39,20.19,51.5,23.27
2026-05-22T14:31:30,A,76.78,85.25,61.4,18.27,46.59,23.28
2026-05-22T14:31:45,A,75.39,86.13,58.15,19.96,46.37,25.43
2026-05-22T14:32:00,A,77.55,86.03,59.67,20.2,47.58,23.92
2026-05-22T14:32:15,A,76.12,88.6,62.29,20.59,48.25,25.13
2026-05-22T14:32:30,A,73.55,89.05,59.51,20.51,42.76,24.46
2026-05-22T14:32:45,A,76.0,91.18,53.98,18.41,51.0,24.2
2026-05-22T14:33:00,A,74.49,92.66,63.63,20.42,51.67,23.39
2026-05-22T14:33:15,A,74.41,86.34,58.54,18.34,52.28,25.22
2026-05-22T14:33:30,A,74.08,91.79,56.46,19.7,45.57,24.57
2026-05-22T14:33:45,A,73.63,95.38,61.23,21.15,50.38,23.82
2026-05-22T14:34:00,A,72.81,92.29,63.37,19.71,48.43,23.26
2026-05-22T14:34:15,A,76.31,89.43,59.27,18.85,47.09,24.74
2026-05-22T14:34:30,A,75.18,92.26,58.17,21.62,49.58,26.59
2026-05-22T14:34:45,A,71.77,97.29,59.62,20.33,48.19,22.43
2026-05-22T14:35:00,A,75.37,93.36,60.57,20.31,51.15,22.25
2026-05-22T14:35:15,A,71.67,85.51,58.88,17.19,47.93,22.63
2026-05-22T14:35:30,A,74.4,84.3,59.29,20.49,52.43,25.75
2026-05-22T14:35:45,A,74.43,87.77,64.07,20.25,51.89,23.41
2026-05-22T14:36:00,A,74.39,90.58,57.79,20.04,53.53,22.33
2026-05-22T14:36:15,A,72.07,88.86,61.83,19.91,49.78,24.07
2026-05-22T14:36:30,A,80.04,95.34,57.92,21.58,51.52,23.98
2026-05-22T14:36:45,A,74.39,88.86,57.7,21.5,47.7,23.24
2026-05-22T14:37:00,A,74.77,93.1,63.94,16.81,49.61,22.59
2026-05-22T14:37:15,A,74.29,86.92,56.77,21.09,54.6,21.94
2026-05-22T14:37:30,A,74.93,86.66,58.57,20.45,49.08,23.95
2026-05-22T14:37:45,A,76.63,88.57,56.98,23.34,49.77,21.4
2026-05-22T14:38:00,A,77.51,93.75,61.37,20.95,56.48,23.04
2026-05-22T14:38:15,A,79.36,88.9,66.03,21.2,54.49,24.77
2026-05-22T14:38:30,A,73.94,95.71,66.18,22.04,49.78,24.24
2026-05-22T14:38:45,A,76.24,85.72,59.11,22.92,49.54,25.03
2026-05-22T14:39:00,A,74.69,90.5,53.85,21.42,49.64,24.98
2026-05-22T14:39:15,A,75.4,90.6,64.43,20.09,50.86,22.74
2026-05-22T14:39:30,A,74.91,94.36,61.29,18.38,47.08,23.26
2026-05-22T14:39:45,A,77.0,92.63,49.64,19.88,50.44,23.04
2026-05-22T14:40:00,A,74.22,93.99,61.23,19.25,49.44,23.77
2026-05-22T14:40:15,A,73.66,93.11,59.78,18.73,47.57,24.72
2026-05-22T14:40:30,A,73.96,91.53,58.12,18.31,50.73,23.9
2026-05-22T14:40:45,A,74.28,91.05,58.83,20.95,50.7,23.38
2026-05-22T14:41:00,A,77.32,92.7,57.17,18.74,47.93,23.4
2026-05-22T14:41:15,A,74.09,91.39,59.05,19.97,47.94,23.97
2026-05-22T14:41:30,A,73.26,89.94,64.37,20.78,50.87,22.68
2026-05-22T14:41:45,A,75.54,90.64,59.58,20.97,54.19,24.33
2026-05-22T14:42:00,A,73.06,87.31,62.18,18.55,50.6,23.65
2026-05-22T14:42:15,A,76.41,85.93,61.44,20.5,52.51,24.17
2026-05-22T14:42:30,A,77.85,89.62,59.18,18.54,47.2,22.98
2026-05-22T14:42:45,A,75.66,86.37,57.43,18.69,56.51,23.83
2026-05-22T14:43:00,A,78.11,85.16,59.82,17.57,42.86,23.27
2026-05-22T14:43:15,A,75.79,90.32,59.58,21.9,48.21,24.38
2026-05-22T14:43:30,A,74.49,86.45,61.2,18.89,55.2,21.57
2026-05-22T14:43:45,A,75.5,90.13,59.16,19.21,50.21,25.06
2026-05-22T14:44:00,A,72.9,86.71,61.03,20.88,53.2,24.61
2026-05-22T14:44:15,A,77.97,89.37,63.1,17.94,49.28,24.94
2026-05-22T14:44:30,A,77.62,86.49,59.94,20.96,56.29,23.54
2026-05-22T14:44:45,A,75.48,91.76,63.28,21.13,48.51,24.81
2026-05-22T14:45:00,A,76.6,94.89,58.94,19.18,51.34,25.18
2026-05-22T14:45:15,A,76.38,89.4,61.69,19.35,50.72,22.93
2026-05-22T14:45:30,A,76.53,91.86,60.86,20.24,46.2,23.79
2026-05-22T14:45:45,A,75.37,86.63,54.74,21.69,50.15,24.21
2026-05-22T14:46:00,A,74.19,94.51,58.53,19.6,47.99,23.26
2026-05-22T14:46:15,A,77.21,82.57,58.63,20.34,55.09,22.86
2026-05-22T14:46:30,A,76.4,90.38,55.67,20.15,54.65,24.26
2026-05-22T14:46:45,A,75.83,86.2,59.3,19.73,48.55,24.69
2026-05-22T14:47:00,A,73.73,88.92,56.22,20.57,52.83,23.64
2026-05-22T14:47:15,A,69.95,89.85,59.47,20.15,50.76,23.32
2026-05-22T14:47:30,A,74.6,92.23,60.06,23.85,49.37,24.35
2026-05-22T14:47:45,A,75.62,88.98,57.38,18.04,51.26,22.61
2026-05-22T14:48:00,A,74.64,87.36,60.1,20.04,51.33,22.47
2026-05-22T14:48:15,A,76.32,82.5,61.13,18.45,48.22,23.77
2026-05-22T14:48:30,A,78.11,86.87,55.79,20.68,49.92,25.21
2026-05-22T14:48:45,A,75.03,91.59,64.87,19.75,53.13,23.39
2026-05-22T14:49:00,A,73.99,86.83,63.66,22.61,48.94,23.23
2026-05-22T14:49:15,A,73.8,88.35,64.89,19.56,51.76,24.05
2026-05-22T14:49:30,A,75.98,95.11,60.94,20.94,47.29,25.01
2026-05-22T14:49:45,A,76.09,84.7,62.17,19.14,46.32,24.4
2026-05-22T14:50:00,A,72.74,85.96,60.18,19.74,54.37,22.72
2026-05-22T14:50:15,A,76.84,93.32,60.96,18.81,45.43,22.05
2026-05-22T14:50:30,A,72.79,86.57,60.5,19.41,44.24,24.86
2026-05-22T14:50:45,A,77.28,80.71,64.25,21.81,47.79,23.57
2026-05-22T14:51:00,A,74.51,93.0,61.55,19.0,53.07,24.3
2026-05-22T14:51:15,A,75.54,88.46,59.98,18.84,44.18,23.72
2026-05-22T14:51:30,A,77.42,88.04,58.9,21.15,47.74,24.15
2026-05-22T14:51:45,A,76.52,88.88,62.37,17.07,45.71,21.68
2026-05-22T14:52:00,A,72.67,95.57,59.95,18.92,52.35,24.92
2026-05-22T14:52:15,A,75.55,91.21,61.49,20.74,48.14,26.11
2026-05-22T14:52:30,A,74.43,92.87,58.58,19.02,55.71,23.89
2026-05-22T14:52:45,A,80.2,96.51,63.85,24.28,47.17,24.66
2026-05-22T14:53:00,A,75.15,84.69,61.39,19.26,54.6,23.6
2026-05-22T14:53:15,A,74.1,94.6,59.8,21.74,51.27,24.44
2026-05-22T14:53:30,A,74.74,87.59,59.69,21.93,51.61,24.77
2026-05-22T14:53:45,A,75.0,84.19,56.34,19.57,46.59,23.48
2026-05-22T14:54:00,A,77.87,89.84,62.8,20.25,54.25,25.02
2026-05-22T14:54:15,A,74.09,90.6,61.13,20.73,52.39,23.24
2026-05-22T14:54:30,A,76.42,91.74,60.0,19.72,47.58,24.48
2026-05-22T14:54:45,A,74.8,86.0,57.2,20.61,48.43,23.44
2026-05-22T14:55:00,A,78.29,86.64,64.42,19.5,48.04,24.38
2026-05-22T14:55:15,A,75.11,89.41,60.66,20.06,49.35,24.94
2026-05-22T14:55:30,A,73.42,86.83,60.26,20.76,44.11,23.53
2026-05-22T14:55:45,A,72.43,89.06,57.27,19.5,44.84,23.67
2026-05-22T14:56:00,A,75.6,89.87,62.38,19.46,51.86,25.12
2026-05-22T14:56:15,A,75.55,89.94,61.24,20.46,53.0,24.79
2026-05-22T14:56:30,A,75.68,90.97,56.38,21.6,44.99,24.71
2026-05-22T14:56:45,A,75.78,91.26,56.08,22.12,50.22,26.31
2026-05-22T14:57:00,A,73.62,89.67,60.45,22.2,53.68,24.45
2026-05-22T14:57:15,A,75.93,93.77,61.64,18.0,54.17,24.76
2026-05-22T14:57:30,A,78.99,91.33,59.27,18.78,52.27,24.99
2026-05-22T14:57:45,A,77.66,87.34,65.91,18.9,46.17,22.85
2026-05-22T14:58:00,A,74.06,93.07,62.65,19.66,59.31,23.76
2026-05-22T14:58:15,A,74.79,86.17,59.76,20.45,46.45,23.5
2026-05-22T14:58:30,A,73.53,92.35,56.15,18.37,50.53,24.85
2026-05-22T14:58:45,A,74.39,93.03,62.58,20.07,49.17,24.04
2026-05-22T14:59:00,A,74.02,89.7,58.64,20.79,52.46,23.62
2026-05-22T14:59:15,A,75.37,88.9,64.13,19.15,44.02,23.29
2026-05-22T14:59:30,A,73.97,90.08,63.03,19.88,51.77,23.81
2026-05-22T14:59:45,A,74.2,90.77,58.37,17.93,49.94,22.71
